2020 Census Tract,Environmental Health Index
13001950100,0.817
13001950201,0.809
13001950202,0.705
13001950301,0.662
13001950302,0.654
13001950400,0.842
13001950500,0.848
13003960100,0.762
13003960200,0.761
13003960300,0.804
13005970100,0.817
13005970201,0.725
13005970202,0.729
13007960100,0.750
13007960200,0.810
13009970101,0.691
13009970102,0.653
13009970201,0.494
13009970202,0.621
13009970301,0.693
13009970302,0.513
13009970400,0.349
13009970501,0.331
13009970502,0.535
13009970600,0.458
13009970701,0.403
13009970702,0.493
13009970801,0.715
13009970802,0.621
13011970100,0.630
13011970200,0.703
13011970300,0.670
13011970400,0.679
13013180103,0.606
13013180104,0.479
13013180105,0.597
13013180106,0.527
13013180107,0.456
13013180108,0.484
13013180203,0.455
13013180204,0.405
13013180205,0.384
13013180206,0.409
13013180301,0.501
13013180302,0.615
13013180303,0.522
13013180401,0.664
13013180402,0.551
13013180501,0.544
13013180502,0.495
13013180503,0.550
13015960101,0.737
13015960103,0.616
13015960104,0.679
13015960105,0.544
13015960201,0.573
13015960202,0.549
13015960203,0.638
13015960301,0.593
13015960302,0.588
13015960403,0.393
13015960404,0.402
13015960405,0.373
13015960406,0.348
13015960407,0.390
13015960501,0.327
13015960502,0.374
13015960601,0.339
13015960602,0.273
13015960701,0.276
13015960702,0.414
13015960801,0.523
13015960802,0.434
13015960804,0.436
13015960805,0.358
13015960901,0.402
13015960902,0.457
13015961001,0.548
13015961002,0.585
13017960100,0.787
13017960200,0.829
13017960300,0.643
13017960400,0.585
13017960501,0.635
13017960502,0.572
13019970100,0.766
13019970200,0.778
13019970300,0.705
13019970400,0.686
13019970500,0.723
13019970600,0.746
13021010100,0.168
13021010200,0.170
13021010400,0.155
13021010500,0.220
13021010800,0.152
13021011001,0.192
13021011002,0.394
13021011100,0.214
13021011500,0.140
13021011701,0.375
13021011702,0.353
13021011800,0.230
13021011900,0.190
13021012000,0.210
13021012101,0.288
13021012102,0.304
13021012200,0.259
13021012400,0.282
13021012500,0.206
13021012600,0.177
13021012700,0.134
13021012800,0.179
13021012900,0.181
13021013101,0.293
13021013102,0.354
13021013201,0.349
13021013202,0.333
13021013302,0.308
13021013407,0.326
13021013408,0.405
13021013409,0.476
13021013411,0.382
13021013412,0.411
13021013413,0.426
13021013502,0.269
13021013503,0.296
13021013505,0.312
13021013506,0.326
13021013603,0.367
13021013604,0.594
13021013605,0.525
13021013607,0.560
13021013608,0.510
13021013701,0.117
13021013702,0.148
13021013800,0.159
13021013900,0.181
13021014000,0.176
13023790100,0.731
13023790200,0.618
13023790301,0.680
13023790302,0.771
13025960101,0.780
13025960102,0.829
13025960201,0.845
13025960202,0.795
13025960300,0.798
13027960200,0.820
13027960301,0.767
13027960302,0.696
13027960400,0.668
13027960500,0.643
13027960600,0.755
13029920101,0.735
13029920103,0.811
13029920104,0.778
13029920301,0.659
13029920303,0.600
13029920305,0.658
13029920307,0.741
13029920308,0.695
13029980000,0.997
13031110100,0.823
13031110201,0.774
13031110202,0.679
13031110301,0.788
13031110302,0.707
13031110401,0.624
13031110405,0.680
13031110406,0.688
13031110407,0.653
13031110408,0.686
13031110500,0.593
13031110602,0.719
13031110603,0.756
13031110604,0.813
13031110701,0.790
13031110702,0.800
13031110703,0.837
13031110800,0.753
13031110901,0.822
13031110902,0.794
13033950101,0.718
13033950102,0.674
13033950200,0.753
13033950400,0.603
13033950500,0.662
13033950700,0.740
13033950900,0.823
13035150101,0.479
13035150102,0.450
13035150201,0.393
13035150202,0.493
13035150300,0.521
13037950100,0.832
13037950200,0.849
13039010100,0.729
13039010201,0.732
13039010202,0.746
13039010302,0.656
13039010303,0.628
13039010304,0.636
13039010305,0.675
13039010403,0.718
13039010404,0.632
13039010405,0.713
13039010406,0.727
13039010407,0.710
13039010500,0.734
13039010602,0.771
13039010603,0.662
13039010604,0.666
13039990000,1.000
13043950100,0.822
13043950200,0.783
13043950300,0.832
13045910101,0.447
13045910103,0.601
13045910105,0.571
13045910106,0.539
13045910201,0.649
13045910202,0.585
13045910203,0.648
13045910301,0.564
13045910302,0.671
13045910400,0.679
13045910502,0.334
13045910503,0.447
13045910504,0.500
13045910600,0.436
13045910704,0.619
13045910705,0.557
13045910706,0.753
13045910707,0.726
13045910708,0.513
13045910709,0.661
13045910800,0.691
13045910900,0.677
13045911001,0.612
13045911002,0.449
13045911101,0.467
13045911102,0.649
13045911201,0.677
13045911202,0.718
13047030100,0.596
13047030201,0.466
13047030202,0.601
13047030303,0.646
13047030304,0.703
13047030305,0.620
13047030306,0.525
13047030402,0.463
13047030403,0.601
13047030404,0.512
13047030501,0.517
13047030502,0.436
13047030600,0.395
13047030701,0.399
13047030702,0.434
13049010101,0.859
13049010102,0.790
13049010200,0.831
13051000601,0.263
13051001100,0.312
13051001200,0.281
13051002000,0.309
13051002100,0.319
13051002200,0.363
13051002300,0.287
13051002600,0.315
13051002700,0.335
13051002800,0.313
13051002900,0.351
13051003000,0.364
13051003301,0.279
13051003302,0.364
13051003400,0.357
13051003501,0.352
13051003502,0.378
13051003601,0.447
13051003602,0.381
13051003700,0.374
13051003800,0.376
13051003900,0.415
13051004001,0.443
13051004002,0.438
13051004100,0.503
13051004207,0.515
13051004208,0.507
13051004209,0.498
13051004210,0.451
13051004211,0.515
13051004212,0.574
13051004300,0.555
13051004400,0.476
13051004500,0.369
13051010102,0.435
13051010200,0.492
13051010502,0.479
13051010503,0.501
13051010504,0.429
13051010601,0.285
13051010603,0.334
13051010701,0.364
13051010702,0.573
13051010703,0.585
13051010704,0.562
13051010705,0.641
13051010706,0.551
13051010707,0.687
13051010801,0.644
13051010806,0.700
13051010807,0.737
13051010810,0.587
13051010811,0.575
13051010812,0.623
13051010813,0.653
13051010814,0.621
13051010815,0.675
13051010816,0.625
13051010817,0.734
13051010818,0.712
13051010819,0.681
13051010820,0.627
13051010821,0.696
13051010901,0.563
13051011004,0.612
13051011005,0.764
13051011006,0.745
13051011007,0.623
13051011008,0.605
13051011104,0.681
13051011107,0.579
13051011108,0.770
13051011110,0.655
13051011111,0.613
13051011112,0.749
13051011113,0.707
13051011114,0.676
13051011115,0.603
13051011200,0.278
13051011300,0.288
13051011400,0.294
13051011500,0.713
13051011600,0.250
13051011700,0.254
13051011800,0.389
13051011900,0.292
13051980000,0.834
13051990000,1.000
13053020100,0.768
13053020201,0.602
13053020203,0.613
13053020205,0.633
13053020206,0.720
13055010100,0.723
13055010201,0.616
13055010202,0.585
13055010300,0.700
13055010401,0.623
13055010402,0.627
13055010501,0.614
13055010502,0.584
13055010600,0.688
13057090101,0.730
13057090102,0.727
13057090103,0.613
13057090201,0.706
13057090202,0.773
13057090301,0.646
13057090302,0.738
13057090303,0.670
13057090401,0.513
13057090402,0.609
13057090503,0.688
13057090504,0.724
13057090505,0.725
13057090506,0.720
13057090507,0.710
13057090603,0.594
13057090604,0.488
13057090605,0.411
13057090606,0.475
13057090703,0.483
13057090704,0.582
13057090705,0.615
13057090706,0.636
13057090707,0.530
13057090708,0.547
13057090709,0.504
13057090710,0.584
13057090805,0.551
13057090806,0.566
13057090807,0.641
13057090808,0.599
13057090809,0.628
13057090810,0.620
13057090905,0.425
13057090906,0.434
13057090907,0.463
13057090908,0.454
13057090909,0.391
13057090910,0.448
13057090911,0.589
13057090912,0.580
13057091001,0.373
13057091006,0.507
13057091007,0.604
13057091009,0.519
13057091010,0.622
13057091011,0.436
13057091012,0.424
13057091013,0.440
13057091014,0.408
13057091101,0.612
13057091104,0.438
13057091105,0.459
13057091106,0.497
13057091107,0.555
13057091108,0.531
13059000100,0.314
13059000401,0.443
13059000402,0.351
13059000600,0.309
13059000900,0.313
13059001200,0.424
13059001700,0.388
13059001800,0.319
13059001900,0.299
13059002000,0.386
13059002100,0.342
13059002200,0.397
13059030101,0.339
13059030102,0.330
13059030200,0.339
13059130300,0.481
13059130400,0.471
13059130500,0.547
13059130601,0.509
13059130602,0.559
13059130701,0.482
13059130702,0.498
13059140300,0.536
13059140400,0.517
13059140500,0.507
13059140600,0.592
13059150300,0.524
13059150400,0.527
13059150500,0.523
13059150600,0.530
13059150701,0.616
13059150702,0.697
13059150800,0.606
13059150900,0.612
13061960300,0.738
13063040202,0.108
13063040203,0.170
13063040204,0.170
13063040302,0.043
13063040306,0.050
13063040307,0.140
13063040308,0.011
13063040309,0.096
13063040310,0.069
13063040407,0.102
13063040409,0.250
13063040410,0.134
13063040414,0.100
13063040416,0.111
13063040417,0.141
13063040418,0.181
13063040419,0.201
13063040420,0.262
13063040421,0.315
13063040422,0.146
13063040423,0.153
13063040424,0.187
13063040425,0.180
13063040426,0.219
13063040427,0.257
13063040509,0.390
13063040510,0.295
13063040512,0.341
13063040513,0.404
13063040518,0.415
13063040519,0.283
13063040521,0.221
13063040522,0.228
13063040523,0.303
13063040525,0.488
13063040527,0.394
13063040528,0.370
13063040529,0.408
13063040530,0.411
13063040531,0.233
13063040532,0.257
13063040533,0.296
13063040534,0.395
13063040535,0.376
13063040536,0.326
13063040537,0.469
13063040538,0.420
13063040606,0.309
13063040609,0.179
13063040614,0.310
13063040615,0.247
13063040617,0.238
13063040623,0.507
13063040624,0.478
13063040625,0.377
13063040626,0.536
13063040627,0.296
13063040628,0.434
13063040629,0.240
13063040630,0.152
13063040631,0.425
13063040632,0.242
13063040633,0.222
13063040634,0.261
13063040635,0.173
13063040636,0.645
13063040637,0.529
13063040638,0.673
13063040639,0.660
13063980000,0.846
13065970100,0.673
13065970200,0.700
13067030104,0.403
13067030107,0.479
13067030108,0.429
13067030109,0.437
13067030110,0.394
13067030111,0.415
13067030112,0.455
13067030113,0.502
13067030220,0.402
13067030233,0.402
13067030235,0.496
13067030236,0.671
13067030240,0.397
13067030241,0.481
13067030242,0.373
13067030243,0.367
13067030244,0.506
13067030245,0.504
13067030246,0.344
13067030247,0.361
13067030248,0.348
13067030249,0.325
13067030250,0.446
13067030251,0.398
13067030252,0.525
13067030253,0.457
13067030254,0.517
13067030255,0.413
13067030256,0.331
13067030257,0.252
13067030258,0.330
13067030259,0.415
13067030260,0.333
13067030261,0.485
13067030262,0.425
13067030263,0.481
13067030264,0.497
13067030265,0.452
13067030266,0.582
13067030267,0.535
13067030268,0.503
13067030269,0.482
13067030270,0.432
13067030271,0.507
13067030272,0.471
13067030273,0.484
13067030274,0.467
13067030275,0.390
13067030276,0.584
13067030277,0.639
13067030278,0.353
13067030319,0.399
13067030322,0.435
13067030324,0.479
13067030326,0.448
13067030327,0.446
13067030329,0.330
13067030331,0.502
13067030332,0.434
13067030334,0.411
13067030335,0.513
13067030337,0.473
13067030340,0.428
13067030341,0.476
13067030342,0.442
13067030343,0.496
13067030344,0.222
13067030345,0.253
13067030346,0.411
13067030347,0.462
13067030348,0.405
13067030349,0.341
13067030350,0.390
13067030351,0.424
13067030352,0.417
13067030353,0.339
13067030354,0.415
13067030355,0.203
13067030356,0.281
13067030357,0.488
13067030358,0.323
13067030359,0.482
13067030360,0.452
13067030361,0.371
13067030362,0.423
13067030363,0.503
13067030364,0.475
13067030365,0.421
13067030366,0.407
13067030367,0.394
13067030368,0.427
13067030369,0.444
13067030370,0.466
13067030405,0.156
13067030407,0.222
13067030408,0.292
13067030409,0.358
13067030410,0.174
13067030411,0.126
13067030412,0.186
13067030413,0.223
13067030414,0.149
13067030505,0.154
13067030506,0.141
13067030507,0.283
13067030508,0.138
13067030509,0.279
13067030510,0.274
13067030511,0.120
13067030602,0.117
13067030603,0.217
13067030604,0.268
13067030700,0.073
13067030800,0.085
13067030906,0.288
13067030907,0.224
13067030908,0.367
13067030909,0.280
13067030910,0.254
13067030911,0.273
13067030912,0.096
13067031001,0.149
13067031004,0.234
13067031005,0.245
13067031006,0.206
13067031007,0.239
13067031101,0.164
13067031110,0.170
13067031111,0.240
13067031112,0.228
13067031113,0.161
13067031114,0.255
13067031115,0.299
13067031116,0.224
13067031117,0.299
13067031118,0.203
13067031119,0.293
13067031120,0.301
13067031121,0.269
13067031122,0.223
13067031207,0.262
13067031209,0.204
13067031212,0.266
13067031213,0.123
13067031214,0.097
13067031215,0.174
13067031216,0.264
13067031217,0.221
13067031218,0.231
13067031219,0.311
13067031220,0.155
13067031221,0.172
13067031306,0.303
13067031308,0.305
13067031314,0.173
13067031315,0.277
13067031316,0.191
13067031317,0.198
13067031318,0.223
13067031319,0.226
13067031320,0.219
13067031321,0.209
13067031322,0.294
13067031323,0.301
13067031324,0.277
13067031325,0.287
13067031409,0.280
13067031410,0.399
13067031411,0.309
13067031412,0.309
13067031413,0.321
13067031414,0.338
13067031415,0.262
13067031416,0.434
13067031417,0.264
13067031506,0.344
13067031507,0.351
13067031510,0.409
13067031511,0.435
13067031512,0.386
13067031513,0.351
13067031514,0.388
13067031515,0.420
13067031516,0.489
13067031517,0.372
13067031518,0.393
13069010100,0.726
13069010200,0.721
13069010301,0.779
13069010302,0.799
13069010401,0.467
13069010402,0.462
13069010500,0.458
13069010600,0.694
13069010701,0.425
13069010702,0.734
13069010801,0.505
13069010802,0.506
13071970101,0.766
13071970102,0.793
13071970200,0.768
13071970301,0.591
13071970302,0.660
13071970400,0.639
13071970500,0.812
13071970601,0.812
13071970602,0.838
13071970702,0.575
13071970703,0.729
13071970704,0.666
13071970800,0.637
13071970901,0.808
13071970902,0.767
13073030103,0.494
13073030105,0.535
13073030106,0.377
13073030107,0.532
13073030108,0.500
13073030201,0.519
13073030202,0.388
13073030203,0.497
13073030304,0.703
13073030306,0.640
13073030307,0.579
13073030308,0.697
13073030310,0.599
13073030311,0.521
13073030312,0.608
13073030313,0.509
13073030401,0.758
13073030403,0.730
13073030404,0.753
13073030503,0.697
13073030504,0.692
13073030505,0.588
13073030507,0.620
13073030508,0.569
13073030603,0.431
13075960100,0.706
13075960200,0.628
13075960301,0.738
13075960302,0.667
13075960400,0.699
13077170101,0.681
13077170102,0.666
13077170200,0.455
13077170303,0.687
13077170304,0.446
13077170307,0.387
13077170308,0.371
13077170309,0.368
13077170310,0.417
13077170403,0.678
13077170404,0.504
13077170405,0.521
13077170406,0.630
13077170407,0.544
13077170408,0.675
13077170501,0.623
13077170502,0.713
13077170503,0.589
13077170603,0.665
13077170604,0.349
13077170605,0.452
13077170606,0.527
13077170607,0.564
13077170701,0.365
13077170702,0.525
13077170801,0.668
13077170802,0.719
13079070100,0.665
13079070201,0.686
13079070202,0.720
13081010100,0.580
13081010201,0.570
13081010202,0.566
13081010300,0.531
13081010400,0.499
13081010500,0.659
13083040102,0.629
13083040103,0.596
13083040104,0.550
13083040200,0.631
13083040300,0.625
13085970101,0.885
13085970102,0.728
13085970103,0.792
13085970203,0.702
13085970204,0.650
13085970205,0.783
13085970206,0.687
13087970100,0.737
13087970200,0.797
13087970301,0.607
13087970302,0.662
13087970400,0.551
13087970600,0.551
13087970700,0.734
13087970800,0.628
13089020100,0.195
13089020200,0.152
13089020300,0.199
13089020400,0.156
13089020500,0.179
13089020600,0.260
13089020700,0.191
13089020801,0.196
13089020802,0.168
13089020901,0.104
13089020902,0.099
13089021101,0.306
13089021103,0.259
13089021104,0.253
13089021204,0.141
13089021208,0.131
13089021210,0.322
13089021211,0.311
13089021213,0.341
13089021217,0.162
13089021219,0.187
13089021220,0.173
13089021221,0.234
13089021222,0.154
13089021223,0.282
13089021224,0.231
13089021225,0.191
13089021226,0.211
13089021227,0.301
13089021228,0.395
13089021229,0.408
13089021230,0.298
13089021301,0.114
13089021305,0.160
13089021306,0.112
13089021307,0.095
13089021308,0.110
13089021309,0.181
13089021310,0.128
13089021405,0.256
13089021409,0.175
13089021410,0.160
13089021411,0.265
13089021412,0.179
13089021415,0.213
13089021416,0.200
13089021417,0.181
13089021418,0.193
13089021419,0.186
13089021420,0.235
13089021421,0.210
13089021502,0.126
13089021503,0.175
13089021505,0.196
13089021506,0.170
13089021602,0.113
13089021604,0.161
13089021606,0.164
13089021607,0.155
13089021608,0.153
13089021609,0.127
13089021703,0.223
13089021707,0.192
13089021708,0.110
13089021709,0.130
13089021710,0.224
13089021711,0.118
13089021712,0.138
13089021808,0.193
13089021812,0.116
13089021813,0.143
13089021815,0.198
13089021816,0.186
13089021817,0.170
13089021818,0.128
13089021819,0.147
13089021820,0.194
13089021821,0.195
13089021822,0.133
13089021823,0.155
13089021824,0.074
13089021906,0.263
13089021908,0.196
13089021910,0.180
13089021911,0.186
13089021912,0.286
13089021913,0.204
13089021914,0.219
13089021915,0.341
13089021916,0.199
13089021917,0.216
13089022001,0.110
13089022005,0.191
13089022007,0.122
13089022010,0.153
13089022011,0.278
13089022012,0.164
13089022013,0.145
13089022014,0.140
13089022015,0.197
13089022016,0.190
13089022100,0.154
13089022203,0.171
13089022205,0.099
13089022206,0.135
13089022302,0.117
13089022303,0.108
13089022304,0.142
13089022401,0.220
13089022403,0.162
13089022404,0.184
13089022405,0.121
13089022501,0.158
13089022502,0.131
13089022601,0.145
13089022602,0.170
13089022700,0.199
13089022800,0.181
13089022900,0.180
13089023000,0.202
13089023101,0.179
13089023102,0.212
13089023107,0.202
13089023108,0.166
13089023111,0.216
13089023112,0.258
13089023113,0.227
13089023114,0.251
13089023115,0.276
13089023209,0.330
13089023211,0.275
13089023212,0.234
13089023213,0.209
13089023214,0.200
13089023215,0.290
13089023216,0.291
13089023217,0.266
13089023218,0.297
13089023219,0.300
13089023220,0.294
13089023221,0.398
13089023222,0.281
13089023311,0.392
13089023313,0.292
13089023315,0.419
13089023317,0.175
13089023318,0.355
13089023319,0.196
13089023320,0.181
13089023321,0.272
13089023322,0.317
13089023323,0.391
13089023324,0.391
13089023325,0.359
13089023326,0.421
13089023327,0.212
13089023328,0.279
13089023329,0.344
13089023330,0.389
13089023331,0.296
13089023332,0.233
13089023410,0.148
13089023411,0.161
13089023413,0.211
13089023422,0.258
13089023424,0.199
13089023425,0.207
13089023426,0.233
13089023427,0.301
13089023429,0.204
13089023430,0.210
13089023431,0.222
13089023432,0.309
13089023433,0.334
13089023434,0.354
13089023435,0.364
13089023436,0.292
13089023437,0.285
13089023438,0.266
13089023439,0.183
13089023440,0.227
13089023441,0.210
13089023442,0.157
13089023443,0.117
13089023444,0.115
13089023445,0.167
13089023446,0.154
13089023447,0.212
13089023448,0.149
13089023501,0.189
13089023504,0.146
13089023505,0.151
13089023506,0.159
13089023507,0.155
13089023601,0.147
13089023602,0.138
13089023603,0.138
13089023701,0.102
13089023702,0.100
13089023801,0.134
13089023802,0.117
13089023803,0.084
13089980000,0.851
13091960100,0.791
13091960200,0.670
13091960301,0.582
13091960302,0.761
13091960400,0.644
13091960500,0.785
13091960600,0.807
13093970100,0.658
13093970200,0.735
13093970300,0.639
13095000101,0.414
13095000102,0.416
13095000200,0.395
13095000400,0.477
13095000501,0.614
13095000502,0.504
13095000600,0.468
13095000700,0.383
13095000800,0.395
13095000900,0.394
13095001000,0.468
13095001100,0.452
13095001403,0.394
13095001500,0.399
13095010302,0.428
13095010401,0.689
13095010402,0.713
13095010403,0.737
13095010500,0.491
13095010601,0.483
13095010602,0.536
13095010701,0.459
13095010702,0.484
13095010900,0.527
13095011000,0.617
13095011200,0.557
13095011300,0.414
13095011400,0.386
13095011600,0.616
13097080104,0.306
13097080105,0.292
13097080106,0.294
13097080107,0.301
13097080201,0.406
13097080203,0.340
13097080204,0.331
13097080303,0.367
13097080304,0.459
13097080305,0.452
13097080306,0.520
13097080307,0.564
13097080403,0.568
13097080405,0.730
13097080406,0.683
13097080407,0.649
13097080408,0.612
13097080505,0.571
13097080506,0.641
13097080507,0.683
13097080508,0.572
13097080509,0.601
13097080512,0.647
13097080513,0.600
13097080514,0.677
13097080515,0.625
13097080602,0.401
13097080605,0.511
13097080606,0.539
13097080607,0.559
13097080608,0.444
13099090100,0.827
13099090200,0.713
13099090300,0.694
13099090400,0.727
13099090500,0.669
13101880100,0.825
13101880200,0.713
13103030100,0.779
13103030204,0.771
13103030205,0.695
13103030206,0.729
13103030207,0.824
13103030208,0.790
13103030209,0.747
13103030301,0.755
13103030303,0.628
13103030306,0.635
13103030307,0.593
13103030308,0.689
13103030309,0.638
13103030401,0.692
13103030403,0.717
13103030404,0.742
13105000100,0.727
13105000200,0.761
13105000300,0.664
13105000400,0.542
13105000501,0.642
13105000502,0.663
13107970101,0.826
13107970102,0.788
13107970200,0.870
13107970300,0.717
13107970401,0.698
13107970402,0.765
13107970500,0.824
13107970601,0.722
13107970602,0.644
13109970100,0.771
13109970200,0.578
13109970300,0.586
13111050100,0.837
13111050200,0.786
13111050300,0.833
13111050400,0.740
13111050500,0.845
13113140102,0.564
13113140103,0.461
13113140104,0.456
13113140203,0.582
13113140204,0.553
13113140206,0.560
13113140207,0.565
13113140209,0.535
13113140210,0.545
13113140303,0.474
13113140304,0.495
13113140305,0.607
13113140307,0.585
13113140308,0.550
13113140309,0.561
13113140403,0.564
13113140404,0.561
13113140405,0.619
13113140406,0.555
13113140408,0.649
13113140409,0.579
13113140410,0.595
13113140501,0.620
13113140502,0.613
13115000100,0.554
13115000202,0.675
13115000203,0.493
13115000204,0.459
13115000300,0.489
13115000401,0.436
13115000402,0.494
13115000403,0.497
13115000500,0.335
13115000600,0.352
13115000700,0.554
13115000800,0.439
13115000900,0.298
13115001100,0.273
13115001200,0.344
13115001301,0.390
13115001302,0.412
13115001400,0.448
13115001600,0.261
13115001703,0.472
13115001704,0.567
13115001705,0.393
13115001706,0.592
13115001800,0.313
13115002000,0.569
13115002100,0.344
13117130101,0.672
13117130102,0.700
13117130103,0.665
13117130104,0.652
13117130105,0.662
13117130201,0.798
13117130202,0.717
13117130203,0.735
13117130204,0.700
13117130205,0.552
13117130301,0.703
13117130302,0.676
13117130303,0.727
13117130304,0.577
13117130305,0.684
13117130306,0.614
13117130307,0.664
13117130406,0.544
13117130409,0.497
13117130410,0.512
13117130411,0.524
13117130412,0.639
13117130413,0.499
13117130414,0.642
13117130415,0.601
13117130503,0.661
13117130504,0.588
13117130505,0.650
13117130506,0.539
13117130507,0.577
13117130508,0.574
13117130509,0.521
13117130511,0.570
13117130512,0.556
13117130601,0.457
13117130602,0.481
13117130603,0.462
13117130604,0.541
13117130605,0.548
13117130606,0.456
13117130607,0.619
13117130608,0.540
13117130609,0.604
13117130610,0.602
13117130611,0.582
13117130613,0.486
13117130614,0.514
13117130615,0.556
13119890101,0.524
13119890103,0.667
13119890104,0.691
13119890201,0.688
13119890202,0.680
13119890300,0.710
13119890401,0.676
13119890402,0.579
13121000100,0.161
13121000201,0.138
13121000202,0.177
13121000400,0.129
13121000501,0.155
13121000502,0.113
13121000601,0.165
13121000602,0.220
13121000700,0.149
13121001001,0.162
13121001002,0.185
13121001101,0.171
13121001102,0.203
13121001203,0.098
13121001204,0.095
13121001205,0.088
13121001206,0.113
13121001301,0.098
13121001302,0.096
13121001400,0.170
13121001501,0.131
13121001502,0.150
13121001600,0.107
13121001701,0.107
13121001702,0.172
13121001801,0.121
13121001802,0.159
13121001901,0.181
13121001902,0.158
13121002100,0.160
13121002300,0.169
13121002400,0.189
13121002500,0.196
13121002600,0.173
13121002801,0.146
13121002802,0.115
13121002900,0.109
13121003000,0.137
13121003100,0.145
13121003200,0.104
13121003500,0.098
13121003600,0.177
13121003700,0.352
13121003800,0.181
13121003900,0.175
13121004000,0.089
13121004100,0.100
13121004200,0.081
13121004300,0.139
13121004400,0.185
13121004800,0.163
13121004900,0.159
13121005000,0.043
13121005200,0.107
13121005300,0.134
13121005501,0.090
13121005503,0.206
13121005504,0.096
13121005700,0.113
13121005800,0.053
13121006000,0.122
13121006100,0.116
13121006200,0.067
13121006300,0.058
13121006400,0.083
13121006500,0.051
13121006601,0.065
13121006602,0.067
13121006701,0.073
13121006702,0.066
13121006801,0.178
13121006802,0.141
13121006900,0.114
13121007001,0.063
13121007002,0.118
13121007100,0.123
13121007200,0.063
13121007301,0.059
13121007302,0.099
13121007400,0.014
13121007500,0.000
13121007602,0.112
13121007603,0.075
13121007604,0.095
13121007703,0.181
13121007705,0.176
13121007707,0.182
13121007708,0.156
13121007709,0.294
13121007710,0.321
13121007711,0.182
13121007805,0.119
13121007806,0.190
13121007807,0.092
13121007808,0.087
13121007809,0.254
13121007810,0.274
13121007900,0.174
13121008000,0.138
13121008103,0.149
13121008104,0.132
13121008202,0.124
13121008203,0.119
13121008204,0.067
13121008301,0.115
13121008302,0.103
13121008400,0.170
13121008500,0.160
13121008601,0.150
13121008602,0.068
13121008701,0.169
13121008702,0.286
13121008801,0.083
13121008802,0.154
13121008903,0.171
13121008905,0.103
13121008906,0.117
13121008907,0.174
13121008908,0.099
13121008909,0.096
13121009001,0.119
13121009002,0.137
13121009103,0.176
13121009104,0.124
13121009105,0.120
13121009106,0.117
13121009201,0.122
13121009202,0.129
13121009203,0.105
13121009301,0.142
13121009302,0.182
13121009405,0.172
13121009406,0.191
13121009407,0.214
13121009408,0.234
13121009409,0.300
13121009410,0.306
13121009411,0.215
13121009501,0.186
13121009503,0.231
13121009504,0.208
13121009601,0.225
13121009604,0.173
13121009605,0.223
13121009606,0.167
13121009607,0.238
13121009700,0.151
13121009802,0.253
13121009803,0.169
13121009804,0.205
13121009900,0.256
13121010003,0.256
13121010004,0.234
13121010005,0.262
13121010006,0.276
13121010007,0.217
13121010106,0.438
13121010107,0.441
13121010108,0.392
13121010115,0.255
13121010117,0.329
13121010120,0.424
13121010121,0.260
13121010124,0.348
13121010125,0.343
13121010126,0.415
13121010127,0.334
13121010128,0.279
13121010129,0.251
13121010130,0.358
13121010131,0.424
13121010132,0.202
13121010133,0.252
13121010134,0.349
13121010135,0.360
13121010136,0.239
13121010137,0.252
13121010204,0.363
13121010211,0.286
13121010212,0.253
13121010213,0.413
13121010214,0.304
13121010215,0.419
13121010216,0.343
13121010217,0.407
13121010218,0.394
13121010219,0.413
13121010220,0.263
13121010221,0.284
13121010222,0.350
13121010223,0.334
13121010305,0.240
13121010306,0.355
13121010307,0.354
13121010308,0.431
13121010309,0.458
13121010310,0.458
13121010311,0.367
13121010312,0.209
13121010313,0.220
13121010314,0.426
13121010315,0.457
13121010401,0.544
13121010402,0.625
13121010508,0.249
13121010517,0.367
13121010518,0.426
13121010519,0.369
13121010520,0.399
13121010521,0.229
13121010522,0.202
13121010523,0.234
13121010524,0.249
13121010525,0.211
13121010526,0.364
13121010527,0.324
13121010528,0.284
13121010529,0.273
13121010530,0.265
13121010531,0.252
13121010532,0.333
13121010533,0.185
13121010534,0.294
13121010535,0.346
13121010536,0.506
13121010537,0.381
13121010538,0.369
13121010539,0.397
13121010540,0.364
13121010601,0.082
13121010603,0.099
13121010604,0.100
13121010801,0.002
13121010802,0.016
13121011000,0.024
13121011100,0.016
13121011202,0.032
13121011203,0.064
13121011204,0.088
13121011301,0.162
13121011306,0.139
13121011307,0.140
13121011308,0.138
13121011309,0.223
13121011310,0.138
13121011416,0.413
13121011417,0.416
13121011419,0.426
13121011421,0.360
13121011422,0.367
13121011423,0.456
13121011424,0.433
13121011426,0.574
13121011428,0.419
13121011429,0.477
13121011430,0.373
13121011431,0.465
13121011432,0.384
13121011433,0.452
13121011434,0.416
13121011435,0.354
13121011436,0.434
13121011437,0.355
13121011438,0.348
13121011439,0.378
13121011440,0.446
13121011441,0.449
13121011442,0.382
13121011443,0.478
13121011444,0.460
13121011445,0.409
13121011446,0.538
13121011505,0.537
13121011507,0.632
13121011508,0.633
13121011509,0.637
13121011510,0.524
13121011511,0.548
13121011512,0.585
13121011513,0.563
13121011514,0.664
13121011515,0.573
13121011612,0.384
13121011618,0.488
13121011624,0.480
13121011627,0.323
13121011628,0.362
13121011629,0.409
13121011630,0.414
13121011631,0.383
13121011632,0.331
13121011633,0.437
13121011634,0.486
13121011635,0.535
13121011636,0.428
13121011637,0.506
13121011638,0.476
13121011639,0.371
13121011640,0.344
13121011641,0.535
13121011642,0.520
13121011643,0.457
13121011644,0.501
13121011645,0.503
13121011646,0.352
13121011647,0.369
13121011648,0.557
13121011649,0.421
13121011650,0.464
13121011651,0.433
13121011652,0.466
13121011653,0.507
13121011654,0.495
13121011655,0.520
13121011656,0.537
13121011657,0.528
13121011658,0.386
13121011659,0.407
13121011660,0.470
13121011661,0.465
13121011801,0.141
13121011802,0.140
13121011901,0.105
13121011902,0.117
13121012000,0.067
13121012300,0.014
13121980000,0.846
13123080100,0.857
13123080200,0.820
13123080301,0.710
13123080302,0.684
13123080401,0.801
13123080402,0.812
13123080403,0.780
13123080500,0.818
13125010100,0.821
13127000101,0.562
13127000103,0.522
13127000104,0.535
13127000201,0.534
13127000202,0.564
13127000301,0.650
13127000302,0.734
13127000303,0.626
13127000403,0.552
13127000405,0.479
13127000406,0.538
13127000407,0.579
13127000408,0.555
13127000409,0.659
13127000501,0.265
13127000503,0.379
13127000504,0.427
13127000601,0.366
13127000602,0.388
13127000701,0.334
13127000702,0.252
13127000800,0.267
13127000900,0.325
13127001001,0.544
13127001002,0.652
13127990000,1.000
13129970101,0.676
13129970102,0.776
13129970201,0.538
13129970202,0.579
13129970301,0.377
13129970302,0.416
13129970400,0.431
13129970500,0.415
13129970601,0.499
13129970602,0.498
13129970700,0.610
13129970801,0.571
13129970802,0.611
13129970901,0.676
13129970902,0.715
13131950100,0.804
13131950200,0.761
13131950300,0.695
13131950401,0.819
13131950402,0.649
13131950501,0.767
13131950502,0.694
13131950600,0.735
13133950100,0.666
13133950200,0.648
13133950301,0.733
13133950302,0.703
13133950304,0.674
13133950305,0.596
13133950400,0.629
13133950500,0.735
13135050105,0.327
13135050110,0.459
13135050111,0.356
13135050112,0.454
13135050113,0.358
13135050114,0.417
13135050115,0.322
13135050116,0.577
13135050117,0.533
13135050118,0.456
13135050119,0.470
13135050120,0.568
13135050121,0.530
13135050205,0.279
13135050215,0.319
13135050218,0.311
13135050219,0.283
13135050221,0.318
13135050222,0.299
13135050223,0.394
13135050224,0.371
13135050225,0.481
13135050226,0.418
13135050227,0.296
13135050228,0.273
13135050229,0.293
13135050230,0.352
13135050231,0.298
13135050232,0.272
13135050233,0.287
13135050234,0.330
13135050235,0.318
13135050236,0.328
13135050237,0.350
13135050238,0.366
13135050239,0.500
13135050240,0.487
13135050241,0.420
13135050242,0.519
13135050243,0.502
13135050244,0.407
13135050306,0.111
13135050308,0.315
13135050311,0.162
13135050315,0.340
13135050317,0.200
13135050318,0.313
13135050321,0.398
13135050322,0.415
13135050323,0.247
13135050324,0.266
13135050325,0.297
13135050326,0.201
13135050327,0.231
13135050328,0.206
13135050329,0.151
13135050330,0.171
13135050331,0.156
13135050332,0.194
13135050333,0.323
13135050334,0.370
13135050335,0.350
13135050336,0.258
13135050415,0.345
13135050416,0.394
13135050425,0.484
13135050427,0.500
13135050430,0.330
13135050433,0.230
13135050435,0.367
13135050437,0.168
13135050438,0.214
13135050439,0.398
13135050440,0.404
13135050441,0.319
13135050442,0.409
13135050443,0.241
13135050444,0.259
13135050445,0.198
13135050446,0.222
13135050447,0.284
13135050448,0.285
13135050449,0.205
13135050450,0.313
13135050451,0.202
13135050452,0.157
13135050453,0.251
13135050454,0.338
13135050455,0.197
13135050456,0.192
13135050457,0.433
13135050458,0.455
13135050459,0.288
13135050460,0.336
13135050461,0.490
13135050462,0.500
13135050463,0.208
13135050464,0.245
13135050465,0.323
13135050466,0.339
13135050520,0.263
13135050521,0.352
13135050522,0.409
13135050526,0.389
13135050528,0.456
13135050529,0.391
13135050530,0.399
13135050536,0.342
13135050537,0.357
13135050539,0.353
13135050541,0.409
13135050542,0.334
13135050549,0.424
13135050550,0.398
13135050551,0.476
13135050552,0.347
13135050553,0.379
13135050554,0.414
13135050555,0.360
13135050556,0.414
13135050557,0.464
13135050558,0.357
13135050559,0.403
13135050560,0.305
13135050561,0.306
13135050562,0.318
13135050563,0.420
13135050564,0.330
13135050565,0.380
13135050566,0.469
13135050567,0.415
13135050568,0.483
13135050569,0.389
13135050570,0.567
13135050571,0.500
13135050572,0.430
13135050573,0.519
13135050574,0.357
13135050575,0.398
13135050576,0.442
13135050577,0.372
13135050578,0.458
13135050579,0.440
13135050580,0.461
13135050581,0.433
13135050582,0.481
13135050583,0.402
13135050584,0.483
13135050585,0.468
13135050586,0.572
13135050587,0.620
13135050588,0.579
13135050589,0.446
13135050590,0.482
13135050591,0.513
13135050611,0.421
13135050612,0.414
13135050613,0.487
13135050614,0.475
13135050615,0.625
13135050616,0.616
13135050617,0.626
13135050618,0.671
13135050619,0.641
13135050620,0.572
13135050621,0.535
13135050622,0.489
13135050623,0.626
13135050624,0.651
13135050625,0.719
13135050626,0.630
13135050627,0.456
13135050628,0.546
13135050629,0.518
13135050630,0.502
13135050631,0.433
13135050632,0.497
13135050633,0.463
13135050634,0.546
13135050635,0.521
13135050636,0.531
13135050715,0.503
13135050719,0.489
13135050722,0.474
13135050725,0.436
13135050729,0.377
13135050732,0.551
13135050733,0.439
13135050734,0.452
13135050735,0.578
13135050736,0.610
13135050737,0.611
13135050738,0.592
13135050739,0.548
13135050740,0.498
13135050741,0.553
13135050742,0.585
13135050743,0.639
13135050744,0.639
13135050745,0.530
13135050746,0.564
13135050747,0.551
13135050748,0.576
13135050749,0.432
13135050750,0.403
13135050751,0.617
13135050752,0.521
13135050753,0.541
13135050754,0.559
13135050755,0.559
13135050756,0.527
13135050757,0.543
13135050758,0.506
13135050759,0.559
13135050760,0.487
13135050761,0.526
13135050762,0.489
13135050763,0.514
13135050764,0.404
13135050765,0.561
13137000100,0.706
13137000201,0.708
13137000203,0.806
13137000204,0.741
13137000300,0.514
13137000400,0.578
13137000501,0.453
13137000502,0.551
13137000601,0.611
13137000603,0.641
13137000604,0.451
13139000101,0.655
13139000102,0.632
13139000203,0.751
13139000204,0.684
13139000205,0.746
13139000206,0.724
13139000303,0.648
13139000304,0.729
13139000305,0.652
13139000306,0.606
13139000307,0.625
13139000401,0.518
13139000402,0.609
13139000501,0.506
13139000502,0.500
13139000601,0.384
13139000602,0.404
13139000702,0.590
13139000703,0.344
13139000704,0.472
13139000800,0.289
13139000901,0.368
13139000902,0.336
13139001004,0.489
13139001005,0.414
13139001006,0.554
13139001007,0.380
13139001008,0.316
13139001101,0.248
13139001102,0.346
13139001202,0.506
13139001203,0.318
13139001204,0.500
13139001302,0.622
13139001303,0.539
13139001304,0.403
13139001402,0.532
13139001404,0.504
13139001405,0.430
13139001406,0.442
13139001501,0.535
13139001502,0.518
13139001603,0.622
13139001605,0.606
13139001606,0.473
13139001607,0.395
13139001609,0.573
13139001610,0.595
13139001611,0.670
13139001612,0.700
13141480300,0.769
13141480400,0.796
13143010100,0.702
13143010201,0.703
13143010202,0.737
13143010301,0.739
13143010303,0.684
13143010304,0.623
13143010401,0.678
13143010402,0.588
13145120198,0.611
13145120200,0.690
13145120301,0.672
13145120302,0.686
13145120401,0.675
13145120403,0.770
13145120404,0.732
13147960101,0.754
13147960102,0.740
13147960103,0.687
13147960200,0.632
13147960300,0.655
13147960401,0.537
13147960402,0.542
13147960501,0.722
13147960502,0.641
13147960503,0.545
13149970100,0.603
13149970200,0.691
13149970300,0.730
13151070109,0.410
13151070113,0.277
13151070114,0.337
13151070115,0.302
13151070116,0.420
13151070117,0.419
13151070118,0.324
13151070119,0.280
13151070120,0.304
13151070121,0.304
13151070122,0.366
13151070123,0.357
13151070124,0.394
13151070125,0.359
13151070126,0.296
13151070127,0.329
13151070128,0.332
13151070204,0.465
13151070206,0.476
13151070207,0.505
13151070208,0.522
13151070209,0.538
13151070210,0.461
13151070211,0.424
13151070212,0.387
13151070213,0.570
13151070214,0.501
13151070215,0.526
13151070216,0.431
13151070307,0.376
13151070310,0.346
13151070312,0.362
13151070313,0.373
13151070314,0.460
13151070315,0.417
13151070316,0.424
13151070317,0.324
13151070318,0.325
13151070319,0.249
13151070320,0.242
13151070321,0.330
13151070322,0.270
13151070323,0.307
13151070324,0.262
13151070325,0.340
13151070405,0.564
13151070406,0.534
13151070407,0.468
13151070408,0.536
13151070409,0.496
13151070410,0.630
13151070411,0.383
13151070412,0.530
13151070503,0.274
13151070504,0.337
13151070505,0.351
13151070506,0.430
13151070507,0.439
13151070508,0.484
13153020106,0.471
13153020108,0.514
13153020110,0.411
13153020111,0.405
13153020112,0.558
13153020113,0.606
13153020200,0.361
13153020301,0.269
13153020302,0.280
13153020400,0.161
13153020600,0.312
13153020700,0.260
13153020800,0.220
13153020900,0.292
13153021001,0.365
13153021002,0.337
13153021108,0.533
13153021114,0.536
13153021115,0.483
13153021116,0.405
13153021117,0.492
13153021118,0.330
13153021119,0.409
13153021120,0.434
13153021121,0.435
13153021122,0.564
13153021123,0.551
13153021124,0.553
13153021125,0.517
13153021203,0.614
13153021204,0.543
13153021205,0.554
13153021206,0.539
13153021300,0.565
13153021401,0.612
13153021402,0.565
13153021501,0.615
13153021502,0.677
13155950100,0.804
13155950201,0.713
13155950202,0.723
13157010104,0.474
13157010105,0.613
13157010106,0.582
13157010107,0.724
13157010108,0.560
13157010109,0.680
13157010200,0.552
13157010300,0.503
13157010400,0.519
13157010500,0.689
13157010601,0.659
13157010602,0.647
13157010701,0.620
13157010703,0.698
13157010704,0.557
13157010705,0.623
13157010706,0.544
13159010100,0.652
13159010200,0.555
13159010501,0.493
13159010502,0.499
13159010503,0.523
13161960101,0.806
13161960102,0.750
13161960201,0.711
13161960202,0.773
13161960300,0.825
13163960100,0.679
13163960200,0.790
13163960300,0.729
13163960400,0.787
13165960100,0.734
13165960200,0.850
13167960100,0.839
13167960201,0.819
13167960202,0.759
13167960300,0.784
13169030101,0.498
13169030103,0.583
13169030105,0.489
13169030106,0.450
13169030200,0.569
13169030303,0.675
13169030304,0.717
13169030305,0.582
13169030306,0.585
13171970100,0.635
13171970201,0.669
13171970202,0.560
13171970300,0.582
13173950100,0.826
13173950201,0.760
13173950202,0.752
13175950100,0.735
13175950201,0.543
13175950202,0.676
13175950300,0.423
13175950400,0.399
13175950500,0.427
13175950600,0.735
13175950700,0.776
13175950800,0.469
13175950900,0.388
13175951001,0.680
13175951002,0.511
13175951100,0.754
13175951400,0.778
13177020101,0.660
13177020102,0.677
13177020200,0.773
13177020301,0.733
13177020302,0.735
13177020403,0.710
13177020404,0.635
13177020405,0.620
13179010101,0.713
13179010102,0.647
13179010103,0.619
13179010202,0.598
13179010204,0.669
13179010205,0.592
13179010206,0.649
13179010207,0.662
13179010208,0.694
13179010301,0.538
13179010302,0.589
13179010401,0.677
13179010402,0.624
13179010501,0.605
13179010503,0.656
13179010504,0.692
13179010600,0.575
13179990000,1.000
13181970100,0.769
13181970200,0.776
13183970101,0.827
13183970102,0.747
13183970201,0.654
13183970202,0.737
13183980000,0.997
13185010101,0.602
13185010102,0.590
13185010103,0.647
13185010201,0.683
13185010203,0.678
13185010204,0.671
13185010301,0.586
13185010302,0.547
13185010401,0.377
13185010403,0.438
13185010404,0.330
13185010500,0.337
13185010601,0.432
13185010604,0.492
13185010700,0.672
13185010801,0.331
13185010802,0.272
13185010900,0.278
13185011000,0.284
13185011100,0.310
13185011200,0.471
13185011301,0.365
13185011302,0.245
13185011401,0.521
13185011402,0.286
13185011404,0.630
13185011405,0.544
13185011500,0.555
13185011600,0.570
13187960103,0.869
13187960104,0.786
13187960105,0.835
13187960106,0.814
13187960203,0.822
13187960204,0.725
13187960205,0.841
13187960206,0.742
13189950100,0.749
13189950200,0.631
13189950300,0.635
13189950401,0.607
13189950402,0.605
13189950500,0.763
13191110101,0.686
13191110102,0.706
13191110103,0.715
13191110201,0.711
13191110202,0.760
13191110300,0.679
13191980000,0.998
13191990000,1.000
13193000100,0.695
13193000200,0.715
13193000300,0.576
13193000400,0.649
13195020100,0.738
13195020200,0.754
13195020300,0.724
13195020400,0.693
13195020501,0.717
13195020502,0.708
13195020600,0.720
13197920100,0.886
13197920200,0.840
13199970501,0.780
13199970502,0.734
13199970600,0.810
13199970701,0.769
13199970702,0.770
13199970801,0.732
13199970802,0.726
13201950100,0.774
13201950200,0.790
13201950300,0.821
13205090100,0.731
13205090200,0.730
13205090300,0.584
13205090401,0.694
13205090402,0.625
13205090501,0.730
13205090502,0.747
13207050101,0.531
13207050102,0.458
13207050200,0.437
13207050301,0.588
13207050302,0.454
13209950100,0.727
13209950200,0.736
13209950300,0.789
13211010100,0.682
13211010200,0.540
13211010301,0.485
13211010302,0.498
13211010400,0.680
13211010500,0.617
13213010100,0.696
13213010201,0.779
13213010203,0.740
13213010204,0.760
13213010300,0.729
13213010401,0.600
13213010402,0.635
13213010500,0.652
13213010600,0.697
13213010700,0.691
13215000200,0.287
13215000300,0.265
13215000400,0.245
13215000800,0.309
13215000900,0.304
13215001000,0.342
13215001100,0.337
13215001200,0.331
13215001400,0.335
13215001600,0.302
13215001800,0.309
13215002000,0.352
13215002100,0.328
13215002200,0.322
13215002300,0.312
13215002400,0.291
13215002500,0.266
13215002700,0.307
13215002800,0.318
13215002901,0.313
13215002902,0.346
13215003000,0.319
13215003200,0.302
13215003301,0.428
13215003302,0.332
13215003400,0.352
13215010106,0.394
13215010108,0.415
13215010109,0.464
13215010110,0.549
13215010111,0.573
13215010204,0.477
13215010205,0.470
13215010206,0.523
13215010207,0.637
13215010208,0.567
13215010209,0.544
13215010301,0.593
13215010303,0.393
13215010304,0.354
13215010401,0.391
13215010402,0.329
13215010501,0.337
13215010502,0.373
13215010602,0.409
13215010605,0.403
13215010606,0.497
13215010607,0.425
13215010608,0.530
13215010701,0.439
13215010702,0.456
13215010704,0.419
13215010705,0.605
13215010801,0.567
13215010802,0.618
13215011100,0.269
13215011200,0.331
13215011400,0.299
13215011500,0.390
13217100101,0.429
13217100102,0.438
13217100202,0.439
13217100203,0.497
13217100204,0.490
13217100301,0.278
13217100302,0.224
13217100400,0.202
13217100503,0.336
13217100504,0.301
13217100505,0.417
13217100506,0.353
13217100507,0.390
13217100600,0.312
13217100701,0.219
13217100702,0.267
13217100801,0.513
13217100802,0.512
13217100902,0.385
13217100903,0.404
13217100904,0.483
13217100905,0.499
13219030101,0.671
13219030102,0.651
13219030103,0.535
13219030104,0.614
13219030201,0.532
13219030202,0.603
13219030300,0.638
13219030401,0.653
13219030402,0.598
13219030500,0.730
13219030600,0.631
13221960100,0.795
13221960203,0.755
13221960204,0.756
13221960205,0.818
13221960206,0.736
13221960300,0.695
13223120104,0.699
13223120105,0.656
13223120106,0.628
13223120107,0.649
13223120108,0.715
13223120109,0.719
13223120110,0.736
13223120111,0.757
13223120203,0.676
13223120205,0.508
13223120206,0.466
13223120207,0.665
13223120208,0.656
13223120301,0.621
13223120303,0.718
13223120304,0.693
13223120305,0.595
13223120306,0.662
13223120307,0.588
13223120401,0.704
13223120402,0.671
13223120403,0.732
13223120503,0.656
13223120504,0.689
13223120505,0.691
13223120506,0.699
13223120507,0.583
13223120601,0.592
13223120603,0.571
13223120604,0.655
13223120605,0.632
13223120606,0.715
13223120607,0.677
13225040101,0.606
13225040103,0.560
13225040104,0.526
13225040105,0.716
13225040200,0.526
13225040301,0.567
13225040302,0.547
13225040400,0.584
13227050101,0.850
13227050102,0.869
13227050201,0.694
13227050202,0.674
13227050300,0.767
13227050400,0.795
13227050500,0.761
13227050601,0.684
13227050602,0.777
13229960100,0.819
13229960200,0.864
13229960301,0.649
13229960302,0.752
13229960401,0.678
13229960402,0.806
13231010101,0.723
13231010102,0.692
13231010200,0.738
13231010300,0.773
13231010400,0.757
13233010100,0.544
13233010201,0.409
13233010202,0.587
13233010300,0.483
13233010400,0.399
13233010500,0.371
13233010600,0.504
13233010700,0.425
13235950100,0.730
13235950201,0.639
13235950202,0.700
13235950300,0.792
13237960101,0.719
13237960103,0.753
13237960104,0.719
13237960201,0.655
13237960203,0.525
13237960204,0.598
13237960301,0.658
13237960302,0.593
13239960300,0.747
13241970101,0.809
13241970102,0.842
13241970103,0.803
13241970201,0.801
13241970202,0.808
13241970302,0.825
13241970303,0.842
13241970304,0.825
13243790100,0.837
13243790200,0.808
13245000100,0.395
13245000200,0.307
13245000300,0.226
13245000600,0.163
13245000700,0.174
13245001000,0.282
13245001100,0.319
13245001200,0.345
13245001300,0.325
13245001400,0.291
13245001602,0.352
13245001603,0.373
13245001604,0.356
13245010101,0.382
13245010104,0.390
13245010105,0.385
13245010107,0.375
13245010108,0.445
13245010109,0.418
13245010201,0.399
13245010203,0.356
13245010205,0.537
13245010206,0.507
13245010207,0.586
13245010208,0.573
13245010300,0.282
13245010400,0.165
13245010506,0.235
13245010507,0.382
13245010508,0.181
13245010509,0.306
13245010510,0.160
13245010511,0.162
13245010512,0.442
13245010513,0.443
13245010514,0.529
13245010515,0.417
13245010601,0.287
13245010602,0.222
13245010706,0.254
13245010707,0.525
13245010708,0.534
13245010709,0.430
13245010710,0.464
13245010711,0.577
13245010713,0.539
13245010714,0.597
13245010801,0.549
13245010802,0.663
13245010903,0.629
13245010904,0.573
13245010905,0.576
13245010907,0.499
13245010908,0.496
13245011000,0.174
13245011100,0.204
13247060101,0.485
13247060103,0.523
13247060104,0.440
13247060201,0.360
13247060203,0.262
13247060204,0.326
13247060305,0.212
13247060306,0.306
13247060310,0.144
13247060311,0.221
13247060312,0.311
13247060313,0.312
13247060314,0.292
13247060315,0.270
13247060316,0.256
13247060317,0.265
13247060318,0.256
13247060403,0.334
13247060406,0.450
13247060407,0.461
13247060408,0.463
13247060409,0.437
13247060410,0.333
13247060411,0.340
13249960100,0.692
13249960200,0.683
13251970200,0.762
13251970300,0.704
13251970401,0.762
13251970402,0.705
13251970500,0.765
13251970600,0.708
13253200100,0.819
13253200200,0.770
13253200300,0.765
13255160101,0.553
13255160102,0.504
13255160201,0.550
13255160202,0.528
13255160300,0.529
13255160401,0.498
13255160402,0.443
13255160500,0.577
13255160600,0.687
13255160701,0.500
13255160702,0.681
13255160800,0.433
13255160900,0.458
13255161000,0.614
13255161100,0.507
13255161201,0.616
13255161202,0.494
13257970101,0.520
13257970102,0.552
13257970201,0.751
13257970202,0.664
13257970301,0.450
13257970302,0.513
13257970401,0.632
13257970402,0.652
13259950100,0.830
13259950400,0.816
13261950100,0.764
13261950200,0.672
13261950300,0.633
13261950400,0.773
13261950500,0.625
13261950600,0.506
13261950700,0.638
13261950800,0.720
13263960100,0.766
13263960200,0.769
13263960300,0.751
13265010200,0.732
13267950100,0.840
13267950202,0.829
13267950203,0.733
13267950204,0.806
13267950300,0.754
13267950401,0.806
13267950402,0.723
13269950100,0.749
13269950200,0.668
13269950301,0.738
13269950302,0.695
13271950101,0.733
13271950102,0.789
13271950103,0.694
13271950200,0.813
13271950500,0.786
13273120200,0.796
13273120300,0.686
13273120400,0.680
13273120500,0.747
13275960100,0.755
13275960200,0.759
13275960300,0.784
13275960400,0.840
13275960501,0.725
13275960502,0.669
13275960601,0.507
13275960602,0.511
13275960701,0.566
13275960702,0.479
13275960800,0.565
13275960900,0.505
13275961000,0.726
13275961100,0.805
13277960100,0.744
13277960200,0.747
13277960301,0.589
13277960302,0.519
13277960401,0.680
13277960402,0.546
13277960500,0.746
13277960601,0.584
13277960602,0.497
13277960700,0.519
13277960800,0.721
13277960900,0.658
13279970101,0.713
13279970102,0.684
13279970201,0.646
13279970202,0.535
13279970301,0.587
13279970302,0.533
13279970400,0.570
13279970500,0.745
13279970600,0.796
13281960100,0.841
13281960200,0.891
13281960301,0.840
13281960302,0.869
13283960100,0.827
13283960200,0.729
13285960101,0.696
13285960102,0.653
13285960201,0.672
13285960202,0.671
13285960300,0.484
13285960401,0.407
13285960402,0.527
13285960501,0.429
13285960503,0.620
13285960504,0.608
13285960600,0.465
13285960700,0.475
13285960800,0.351
13285960901,0.367
13285960903,0.615
13285960904,0.513
13285961000,0.480
13285961100,0.780
13287970201,0.710
13287970202,0.684
13287970300,0.740
13289060101,0.587
13289060102,0.649
13289060200,0.591
13291000101,0.872
13291000103,0.807
13291000104,0.817
13291000201,0.870
13291000203,0.901
13291000204,0.862
13291000206,0.815
13291000207,0.842
13293010100,0.730
13293010201,0.559
13293010202,0.729
13293010300,0.734
13293010401,0.553
13293010402,0.460
13293010500,0.507
13293010600,0.646
13295020101,0.352
13295020102,0.443
13295020200,0.298
13295020301,0.412
13295020302,0.560
13295020400,0.517
13295020503,0.563
13295020504,0.579
13295020505,0.656
13295020506,0.650
13295020601,0.623
13295020602,0.639
13295020701,0.539
13295020702,0.518
13295020800,0.683
13295020902,0.680
13295020903,0.660
13295020904,0.690
13297110101,0.630
13297110102,0.575
13297110200,0.606
13297110301,0.436
13297110302,0.498
13297110400,0.486
13297110503,0.603
13297110504,0.502
13297110505,0.621
13297110506,0.583
13297110508,0.586
13297110509,0.585
13297110510,0.621
13297110601,0.621
13297110602,0.529
13297110603,0.559
13297110701,0.536
13297110702,0.451
13297110801,0.373
13297110802,0.456
13299950100,0.782
13299950200,0.631
13299950300,0.523
13299950400,0.495
13299950500,0.559
13299950600,0.540
13299950700,0.507
13299950801,0.671
13299950802,0.514
13299950900,0.640
13301970400,0.670
13301970500,0.777
13303950100,0.776
13303950300,0.545
13303950400,0.652
13303950500,0.823
13303950700,0.612
13305970100,0.796
13305970201,0.696
13305970202,0.587
13305970300,0.647
13305970400,0.829
13305970500,0.605
13305970600,0.649
13307960100,0.848
13307960200,0.862
13309780100,0.784
13309780200,0.798
13311950101,0.880
13311950102,0.858
13311950202,0.796
13311950204,0.810
13311950205,0.869
13311950206,0.708
13311950207,0.815
13311950301,0.755
13311950302,0.779
13313000101,0.708
13313000103,0.672
13313000104,0.676
13313000200,0.664
13313000301,0.542
13313000303,0.483
13313000304,0.648
13313000401,0.371
13313000402,0.503
13313000501,0.510
13313000502,0.345
13313000600,0.515
13313000700,0.628
13313000801,0.488
13313000802,0.499
13313000900,0.372
13313001000,0.271
13313001100,0.470
13313001200,0.379
13313001300,0.247
13313001400,0.365
13313001500,0.385
13315960100,0.778
13315960200,0.778
13315960300,0.745
13315960400,0.763
13317010101,0.795
13317010102,0.787
13317010301,0.735
13317010302,0.713
13319960200,0.701
13319960300,0.660
13319960400,0.704
13321950100,0.704
13321950201,0.734
13321950202,0.666
13321950400,0.787
13321950500,0.691
13321950600,0.784