2020 Census Tract, Transit Access Index 
13001950100, 0.477 
13001950201, 0.482 
13001950202, 0.602 
13001950301, 0.487 
13001950302, 0.563 
13001950400, 0.369 
13001950500, 0.503 
13003960100, 0.541 
13003960200, 0.492 
13003960300, 0.453 
13005970100, 0.407 
13005970201, 0.519 
13005970202, 0.524 
13007960100, 0.471 
13007960200, 0.492 
13009970101, 0.513 
13009970102, 0.466 
13009970201, 0.578 
13009970202, 0.475 
13009970301, 0.463 
13009970302, 0.582 
13009970400, 0.627 
13009970501, 0.674 
13009970502, 0.508 
13009970600, 0.606 
13009970701, 0.641 
13009970702, 0.416 
13009970801, 0.508 
13009970802, 0.521 
13011970100, 0.469 
13011970200, 0.464 
13011970300, 0.522 
13011970400, 0.509 
13013180103, 0.545 
13013180104, 0.535 
13013180105, 0.542 
13013180106, 0.519 
13013180107, 0.480 
13013180108, 0.487 
13013180203, 0.623 
13013180204, 0.579 
13013180205, 0.584 
13013180206, 0.534 
13013180301, 0.560 
13013180302, 0.580 
13013180303, 0.512 
13013180401, 0.495 
13013180402, 0.563 
13013180501, 0.512 
13013180502, 0.517 
13013180503, 0.552 
13015960101, 0.490 
13015960103, 0.528 
13015960104, 0.590 
13015960105, 0.546 
13015960201, 0.572 
13015960202, 0.628 
13015960203, 0.589 
13015960301, 0.482 
13015960302, 0.560 
13015960403, 0.672 
13015960404, 0.574 
13015960405, 0.544 
13015960406, 0.659 
13015960407, 0.597 
13015960501, 0.608 
13015960502, 0.564 
13015960601, 0.654 
13015960602, 0.670 
13015960701, 0.716 
13015960702, 0.610 
13015960801, 0.565 
13015960802, 0.640 
13015960804, 0.566 
13015960805, 0.643 
13015960901, 0.590 
13015960902, 0.551 
13015961001, 0.556 
13015961002, 0.486 
13017960100, 0.443 
13017960200, 0.495 
13017960300, 0.555 
13017960400, 0.612 
13017960501, 0.475 
13017960502, 0.595 
13019970100, 0.505 
13019970200, 0.474 
13019970300, 0.524 
13019970400, 0.566 
13019970500, 0.564 
13019970600, 0.511 
13021010100, 0.721 
13021010200, 0.736 
13021010400, 0.632 
13021010500, 0.750 
13021010800, 0.691 
13021011001, 0.657 
13021011002, 0.623 
13021011100, 0.635 
13021011500, 0.666 
13021011701, 0.616 
13021011702, 0.589 
13021011800, 0.652 
13021011900, 0.573 
13021012000, 0.586 
13021012101, 0.614 
13021012102, 0.638 
13021012200, 0.617 
13021012400, 0.638 
13021012500, 0.650 
13021012600, 0.652 
13021012700, 0.692 
13021012800, 0.671 
13021012900, 0.619 
13021013101, 0.561 
13021013102, 0.605 
13021013201, 0.565 
13021013202, 0.655 
13021013302, 0.580 
13021013407, 0.630 
13021013408, 0.599 
13021013409, 0.544 
13021013411, 0.644 
13021013412, 0.588 
13021013413, 0.578 
13021013502, 0.540 
13021013503, 0.623 
13021013505, 0.565 
13021013506, 0.572 
13021013603, 0.562 
13021013604, 0.486 
13021013605, 0.567 
13021013607, 0.513 
13021013608, 0.580 
13021013701, 0.783 
13021013702, 0.722 
13021013800, 0.680 
13021013900, 0.636 
13021014000, 0.642 
13023790100, 0.533 
13023790200, 0.585 
13023790301, 0.623 
13023790302, 0.462 
13025960101, 0.505 
13025960102, 0.468 
13025960201, 0.518 
13025960202, 0.427 
13025960300, 0.566 
13027960200, 0.464 
13027960301, 0.457 
13027960302, 0.579 
13027960400, 0.554 
13027960500, 0.637 
13027960600, 0.478 
13029920101, 0.470 
13029920103, 0.528 
13029920104, 0.511 
13029920301, 0.560 
13029920303, 0.567 
13029920305, 0.562 
13029920307, 0.484 
13029920308, 0.539 
13029980000, - 
13031110100, 0.492 
13031110201, 0.520 
13031110202, 0.593 
13031110301, 0.533 
13031110302, 0.620 
13031110401, 0.658 
13031110405, 0.663 
13031110406, 0.737 
13031110407, 0.753 
13031110408, 0.743 
13031110500, 0.645 
13031110602, 0.609 
13031110603, 0.610 
13031110604, 0.609 
13031110701, 0.523 
13031110702, 0.574 
13031110703, 0.501 
13031110800, 0.557 
13031110901, 0.419 
13031110902, 0.508 
13033950101, 0.513 
13033950102, 0.516 
13033950200, 0.440 
13033950400, 0.619 
13033950500, 0.617 
13033950700, 0.585 
13033950900, 0.515 
13035150101, 0.478 
13035150102, 0.544 
13035150201, 0.676 
13035150202, 0.610 
13035150300, 0.514 
13037950100, 0.527 
13037950200, 0.518 
13039010100, 0.487 
13039010201, 0.578 
13039010202, 0.500 
13039010302, 0.571 
13039010303, 0.577 
13039010304, 0.634 
13039010305, 0.562 
13039010403, 0.530 
13039010404, 0.650 
13039010405, 0.629 
13039010406, 0.631 
13039010407, 0.573 
13039010500, 0.723 
13039010602, 0.609 
13039010603, 0.699 
13039010604, 0.630 
13039990000, - 
13043950100, 0.534 
13043950200, 0.511 
13043950300, 0.426 
13045910101, 0.589 
13045910103, 0.541 
13045910105, 0.506 
13045910106, 0.598 
13045910201, 0.512 
13045910202, 0.529 
13045910203, 0.425 
13045910301, 0.587 
13045910302, 0.593 
13045910400, 0.548 
13045910502, 0.739 
13045910503, 0.681 
13045910504, 0.718 
13045910600, 0.698 
13045910704, 0.628 
13045910705, 0.590 
13045910706, 0.500 
13045910707, 0.575 
13045910708, 0.669 
13045910709, 0.539 
13045910800, 0.561 
13045910900, 0.583 
13045911001, 0.621 
13045911002, 0.690 
13045911101, 0.659 
13045911102, 0.641 
13045911201, 0.578 
13045911202, 0.584 
13047030100, 0.588 
13047030201, 0.604 
13047030202, 0.582 
13047030303, 0.544 
13047030304, 0.484 
13047030305, 0.575 
13047030306, 0.586 
13047030402, 0.595 
13047030403, 0.561 
13047030404, 0.635 
13047030501, 0.551 
13047030502, 0.666 
13047030600, 0.676 
13047030701, 0.618 
13047030702, 0.668 
13049010101, 0.451 
13049010102, 0.593 
13049010200, 0.430 
13051000601, 0.692 
13051001100, 0.693 
13051001200, 0.733 
13051002000, 0.733 
13051002100, 0.690 
13051002200, 0.660 
13051002300, 0.683 
13051002600, 0.731 
13051002700, 0.700 
13051002800, 0.693 
13051002900, 0.725 
13051003000, 0.699 
13051003301, 0.621 
13051003302, 0.648 
13051003400, 0.701 
13051003501, 0.660 
13051003502, 0.651 
13051003601, 0.610 
13051003602, 0.659 
13051003700, 0.658 
13051003800, 0.665 
13051003900, 0.668 
13051004001, 0.683 
13051004002, 0.653 
13051004100, 0.651 
13051004207, 0.698 
13051004208, 0.665 
13051004209, 0.685 
13051004210, 0.648 
13051004211, 0.672 
13051004212, 0.635 
13051004300, 0.742 
13051004400, 0.684 
13051004500, 0.658 
13051010102, 0.661 
13051010200, 0.614 
13051010502, 0.688 
13051010503, 0.624 
13051010504, 0.716 
13051010601, 0.696 
13051010603, 0.652 
13051010701, 0.641 
13051010702, 0.559 
13051010703, 0.627 
13051010704, 0.651 
13051010705, 0.606 
13051010706, 0.544 
13051010707, 0.523 
13051010801, 0.643 
13051010806, 0.616 
13051010807, 0.640 
13051010810, 0.610 
13051010811, 0.645 
13051010812, 0.599 
13051010813, 0.582 
13051010814, 0.564 
13051010815, 0.501 
13051010816, 0.524 
13051010817, 0.568 
13051010818, 0.584 
13051010819, 0.550 
13051010820, 0.551 
13051010821, 0.626 
13051010901, 0.642 
13051011004, 0.624 
13051011005, 0.611 
13051011006, 0.606 
13051011007, 0.678 
13051011008, 0.610 
13051011104, 0.625 
13051011107, 0.609 
13051011108, 0.569 
13051011110, 0.589 
13051011111, 0.612 
13051011112, 0.627 
13051011113, 0.588 
13051011114, 0.634 
13051011115, 0.628 
13051011200, 0.745 
13051011300, 0.731 
13051011400, 0.765 
13051011500, 0.611 
13051011600, 0.653 
13051011700, 0.763 
13051011800, 0.702 
13051011900, 0.775 
13051980000, - 
13051990000, - 
13053020100, 0.575 
13053020201, 0.734 
13053020203, 0.681 
13053020205, 0.696 
13053020206, 1.000 
13055010100, 0.358 
13055010201, 0.524 
13055010202, 0.538 
13055010300, 0.476 
13055010401, 0.461 
13055010402, 0.519 
13055010501, 0.579 
13055010502, 0.507 
13055010600, 0.431 
13057090101, 0.509 
13057090102, 0.563 
13057090103, 0.618 
13057090201, 0.587 
13057090202, 0.499 
13057090301, 0.567 
13057090302, 0.405 
13057090303, 0.505 
13057090401, 0.703 
13057090402, 0.561 
13057090503, 0.497 
13057090504, 0.511 
13057090505, 0.531 
13057090506, 0.485 
13057090507, 0.549 
13057090603, 0.570 
13057090604, 0.598 
13057090605, 0.664 
13057090606, 0.583 
13057090703, 0.593 
13057090704, 0.509 
13057090705, 0.632 
13057090706, 0.529 
13057090707, 0.578 
13057090708, 0.566 
13057090709, 0.568 
13057090710, 0.536 
13057090805, 0.508 
13057090806, 0.505 
13057090807, 0.524 
13057090808, 0.550 
13057090809, 0.517 
13057090810, 0.482 
13057090905, 0.570 
13057090906, 0.461 
13057090907, 0.525 
13057090908, 0.525 
13057090909, 0.555 
13057090910, 0.552 
13057090911, 0.475 
13057090912, 0.572 
13057091001, 0.643 
13057091006, 0.517 
13057091007, 0.552 
13057091009, 0.573 
13057091010, 0.609 
13057091011, 0.528 
13057091012, 0.588 
13057091013, 0.581 
13057091014, 0.572 
13057091101, 0.499 
13057091104, 0.480 
13057091105, 0.569 
13057091106, 0.549 
13057091107, 0.531 
13057091108, 0.554 
13059000100, 0.739 
13059000401, 0.696 
13059000402, 0.809 
13059000600, 0.784 
13059000900, 0.705 
13059001200, 0.737 
13059001700, 0.637 
13059001800, 0.651 
13059001900, 0.700 
13059002000, 0.679 
13059002100, 0.722 
13059002200, 0.697 
13059030101, 0.678 
13059030102, 0.747 
13059030200, 0.605 
13059130300, 0.575 
13059130400, 0.599 
13059130500, 0.580 
13059130601, 0.624 
13059130602, 0.628 
13059130701, 0.687 
13059130702, 0.587 
13059140300, 0.538 
13059140400, 0.604 
13059140500, 0.675 
13059140600, 0.589 
13059150300, 0.709 
13059150400, 0.669 
13059150500, 0.688 
13059150600, 0.695 
13059150701, 0.676 
13059150702, 0.650 
13059150800, 0.568 
13059150900, 0.604 
13061960300, 0.498 
13063040202, 0.573 
13063040203, 0.639 
13063040204, 0.632 
13063040302, 0.599 
13063040306, 0.660 
13063040307, 0.573 
13063040308, 0.682 
13063040309, 0.640 
13063040310, 0.670 
13063040407, 0.638 
13063040409, 0.595 
13063040410, 0.620 
13063040414, 0.597 
13063040416, 0.587 
13063040417, 0.650 
13063040418, 0.621 
13063040419, 0.636 
13063040420, 0.547 
13063040421, 0.558 
13063040422, 0.684 
13063040423, 0.652 
13063040424, 0.611 
13063040425, 0.662 
13063040426, 0.572 
13063040427, 0.557 
13063040509, 0.608 
13063040510, 0.623 
13063040512, 0.636 
13063040513, 0.584 
13063040518, 0.578 
13063040519, 0.619 
13063040521, 0.627 
13063040522, 0.651 
13063040523, 0.658 
13063040525, 0.478 
13063040527, 0.604 
13063040528, 0.562 
13063040529, 0.546 
13063040530, 0.567 
13063040531, 0.618 
13063040532, 0.590 
13063040533, 0.609 
13063040534, 0.566 
13063040535, 0.512 
13063040536, 0.478 
13063040537, 0.509 
13063040538, 0.578 
13063040606, 0.513 
13063040609, 0.597 
13063040614, 0.533 
13063040615, 0.586 
13063040617, 0.551 
13063040623, 0.513 
13063040624, 0.560 
13063040625, 0.615 
13063040626, 0.525 
13063040627, 0.560 
13063040628, 0.496 
13063040629, 0.627 
13063040630, 0.693 
13063040631, 0.517 
13063040632, 0.597 
13063040633, 0.483 
13063040634, 0.693 
13063040635, 0.592 
13063040636, 0.474 
13063040637, 0.456 
13063040638, 0.560 
13063040639, 0.438 
13063980000, - 
13065970100, 0.506 
13065970200, 0.501 
13067030104, 0.626 
13067030107, 0.531 
13067030108, 0.546 
13067030109, 0.535 
13067030110, 0.533 
13067030111, 0.582 
13067030112, 0.642 
13067030113, 0.542 
13067030220, 0.540 
13067030233, 0.556 
13067030235, 0.559 
13067030236, 0.458 
13067030240, 0.493 
13067030241, 0.536 
13067030242, 0.567 
13067030243, 0.583 
13067030244, 0.487 
13067030245, 0.492 
13067030246, 0.646 
13067030247, 0.666 
13067030248, 0.722 
13067030249, 0.539 
13067030250, 0.504 
13067030251, 0.560 
13067030252, 0.510 
13067030253, 0.509 
13067030254, 0.551 
13067030255, 0.598 
13067030256, 0.594 
13067030257, 0.601 
13067030258, 0.617 
13067030259, 0.575 
13067030260, 0.601 
13067030261, 0.525 
13067030262, 0.543 
13067030263, 0.568 
13067030264, 0.585 
13067030265, 0.510 
13067030266, 0.551 
13067030267, 0.538 
13067030268, 0.486 
13067030269, 0.523 
13067030270, 0.464 
13067030271, 0.531 
13067030272, 0.574 
13067030273, 0.580 
13067030274, 0.561 
13067030275, 0.619 
13067030276, 0.455 
13067030277, 0.428 
13067030278, 0.656 
13067030319, 0.613 
13067030322, 0.525 
13067030324, 0.542 
13067030326, 0.527 
13067030327, 0.553 
13067030329, 0.566 
13067030331, 0.545 
13067030332, 0.581 
13067030334, 0.605 
13067030335, 0.578 
13067030337, 0.600 
13067030340, 0.529 
13067030341, 0.505 
13067030342, 0.541 
13067030343, 0.532 
13067030344, 0.701 
13067030345, 0.695 
13067030346, 0.605 
13067030347, 0.585 
13067030348, 0.535 
13067030349, 0.554 
13067030350, 0.521 
13067030351, 0.613 
13067030352, 0.629 
13067030353, 0.672 
13067030354, 0.608 
13067030355, 0.703 
13067030356, 0.699 
13067030357, 0.551 
13067030358, 0.604 
13067030359, 0.602 
13067030360, 0.600 
13067030361, 0.598 
13067030362, 0.579 
13067030363, 0.625 
13067030364, 0.560 
13067030365, 0.640 
13067030366, 0.561 
13067030367, 0.510 
13067030368, 0.517 
13067030369, 0.579 
13067030370, 0.551 
13067030405, 0.626 
13067030407, 0.642 
13067030408, 0.648 
13067030409, 0.593 
13067030410, 0.581 
13067030411, 0.653 
13067030412, 0.693 
13067030413, 0.648 
13067030414, 0.652 
13067030505, 0.690 
13067030506, 0.598 
13067030507, 0.614 
13067030508, 0.644 
13067030509, 0.568 
13067030510, 0.604 
13067030511, 0.630 
13067030602, 0.641 
13067030603, 0.625 
13067030604, 0.633 
13067030700, 0.716 
13067030800, 0.683 
13067030906, 0.624 
13067030907, 0.543 
13067030908, 0.597 
13067030909, 0.536 
13067030910, 0.615 
13067030911, 0.614 
13067030912, 0.655 
13067031001, 0.659 
13067031004, 0.669 
13067031005, 0.540 
13067031006, 0.646 
13067031007, 0.647 
13067031101, 0.617 
13067031110, 0.637 
13067031111, 0.638 
13067031112, 0.621 
13067031113, 0.633 
13067031114, 0.670 
13067031115, 0.596 
13067031116, 0.567 
13067031117, 0.595 
13067031118, 0.613 
13067031119, 0.546 
13067031120, 0.538 
13067031121, 0.684 
13067031122, 0.635 
13067031207, 0.720 
13067031209, 0.637 
13067031212, 0.648 
13067031213, 0.629 
13067031214, 0.671 
13067031215, 0.652 
13067031216, 0.719 
13067031217, 0.672 
13067031218, 0.696 
13067031219, 0.681 
13067031220, 0.678 
13067031221, 0.612 
13067031306, 0.556 
13067031308, 0.532 
13067031314, 0.582 
13067031315, 0.511 
13067031316, 0.583 
13067031317, 0.584 
13067031318, 0.564 
13067031319, 0.617 
13067031320, 0.651 
13067031321, 0.670 
13067031322, 0.581 
13067031323, 0.587 
13067031324, 0.601 
13067031325, 0.547 
13067031409, 0.562 
13067031410, 0.583 
13067031411, 0.580 
13067031412, 0.642 
13067031413, 0.580 
13067031414, 0.577 
13067031415, 0.615 
13067031416, 0.548 
13067031417, 0.623 
13067031506, 0.534 
13067031507, 0.564 
13067031510, 0.527 
13067031511, 0.557 
13067031512, 0.538 
13067031513, 0.522 
13067031514, 0.567 
13067031515, 0.547 
13067031516, 0.461 
13067031517, 0.526 
13067031518, 0.509 
13069010100, 0.529 
13069010200, 0.537 
13069010301, 0.477 
13069010302, 0.582 
13069010401, 0.606 
13069010402, 0.594 
13069010500, 0.601 
13069010600, 0.522 
13069010701, 0.584 
13069010702, 0.560 
13069010801, 0.605 
13069010802, 0.577 
13071970101, 0.439 
13071970102, 0.451 
13071970200, 0.437 
13071970301, 0.608 
13071970302, 0.517 
13071970400, 0.504 
13071970500, 0.503 
13071970601, 0.357 
13071970602, 0.507 
13071970702, 0.536 
13071970703, 0.502 
13071970704, 0.621 
13071970800, 0.537 
13071970901, 0.435 
13071970902, 0.489 
13073030103, 0.581 
13073030105, 0.584 
13073030106, 0.632 
13073030107, 0.525 
13073030108, 0.589 
13073030201, 0.594 
13073030202, 0.649 
13073030203, 0.610 
13073030304, 0.500 
13073030306, 0.571 
13073030307, 0.564 
13073030308, 0.515 
13073030310, 0.526 
13073030311, 0.546 
13073030312, 0.523 
13073030313, 0.613 
13073030401, 0.495 
13073030403, 0.537 
13073030404, 0.466 
13073030503, 0.566 
13073030504, 0.514 
13073030505, 0.580 
13073030507, 0.451 
13073030508, 0.536 
13073030603, 0.624 
13075960100, 0.477 
13075960200, 0.500 
13075960301, 0.391 
13075960302, 0.540 
13075960400, 0.489 
13077170101, 0.616 
13077170102, 0.510 
13077170200, 0.592 
13077170303, 0.518 
13077170304, 0.555 
13077170307, 0.644 
13077170308, 0.606 
13077170309, 0.617 
13077170310, 0.569 
13077170403, 0.508 
13077170404, 0.514 
13077170405, 0.586 
13077170406, 0.510 
13077170407, 0.689 
13077170408, 0.560 
13077170501, 0.537 
13077170502, 0.519 
13077170503, 0.545 
13077170603, 0.566 
13077170604, 0.709 
13077170605, 0.615 
13077170606, 0.595 
13077170607, 0.616 
13077170701, 0.607 
13077170702, 0.556 
13077170801, 0.550 
13077170802, 0.539 
13079070100, 0.470 
13079070201, 0.483 
13079070202, 0.479 
13081010100, 0.565 
13081010201, 0.517 
13081010202, 0.555 
13081010300, 0.546 
13081010400, 0.568 
13081010500, 0.498 
13083040102, 0.568 
13083040103, 0.639 
13083040104, 0.587 
13083040200, 0.518 
13083040300, 0.595 
13085970101, - 
13085970102, 0.580 
13085970103, 0.521 
13085970203, 0.578 
13085970204, 0.585 
13085970205, 0.574 
13085970206, 0.548 
13087970100, 0.499 
13087970200, 0.485 
13087970301, 0.582 
13087970302, 0.583 
13087970400, 0.616 
13087970600, 0.609 
13087970700, 0.470 
13087970800, 0.401 
13089020100, 0.653 
13089020200, 0.693 
13089020300, 0.657 
13089020400, 0.641 
13089020500, 0.652 
13089020600, 0.695 
13089020700, 0.690 
13089020801, 0.614 
13089020802, 0.651 
13089020901, 0.644 
13089020902, 0.550 
13089021101, 0.632 
13089021103, 0.682 
13089021104, 0.683 
13089021204, 0.717 
13089021208, 0.668 
13089021210, 0.651 
13089021211, 0.613 
13089021213, 0.648 
13089021217, 0.644 
13089021219, 0.674 
13089021220, 0.660 
13089021221, 0.675 
13089021222, 0.704 
13089021223, 0.649 
13089021224, 0.723 
13089021225, 0.650 
13089021226, 0.736 
13089021227, 0.669 
13089021228, 0.641 
13089021229, 0.627 
13089021230, 0.710 
13089021301, 0.698 
13089021305, 0.650 
13089021306, 0.642 
13089021307, 0.612 
13089021308, 0.662 
13089021309, 0.656 
13089021310, 0.567 
13089021405, 0.664 
13089021409, 0.632 
13089021410, 0.625 
13089021411, 0.645 
13089021412, 0.597 
13089021415, 0.712 
13089021416, 0.687 
13089021417, 0.649 
13089021418, 0.733 
13089021419, 0.655 
13089021420, 0.684 
13089021421, 0.656 
13089021502, 0.696 
13089021503, 0.704 
13089021505, 0.747 
13089021506, 0.662 
13089021602, 0.669 
13089021604, 0.601 
13089021606, 0.669 
13089021607, 0.720 
13089021608, 0.658 
13089021609, 0.606 
13089021703, 0.602 
13089021707, 0.593 
13089021708, 0.661 
13089021709, 0.628 
13089021710, 0.635 
13089021711, 0.690 
13089021712, 0.748 
13089021808, 0.611 
13089021812, 0.667 
13089021813, 0.627 
13089021815, 0.644 
13089021816, 0.555 
13089021817, 0.499 
13089021818, 0.601 
13089021819, 0.607 
13089021820, 0.683 
13089021821, 0.608 
13089021822, 0.591 
13089021823, 0.564 
13089021824, 0.619 
13089021906, 0.571 
13089021908, 0.649 
13089021910, 0.569 
13089021911, 0.630 
13089021912, 0.570 
13089021913, 0.622 
13089021914, 0.614 
13089021915, 0.486 
13089021916, 0.636 
13089021917, 0.528 
13089022001, 0.590 
13089022005, 0.614 
13089022007, 0.632 
13089022010, 0.548 
13089022011, 0.381 
13089022012, 0.633 
13089022013, 0.565 
13089022014, 0.675 
13089022015, 0.489 
13089022016, 0.608 
13089022100, 0.617 
13089022203, 0.653 
13089022205, 0.643 
13089022206, 0.604 
13089022302, 0.658 
13089022303, 0.633 
13089022304, 0.713 
13089022401, 0.674 
13089022403, 0.622 
13089022404, 0.776 
13089022405, 0.764 
13089022501, 0.693 
13089022502, 0.657 
13089022601, 0.710 
13089022602, 0.566 
13089022700, 0.667 
13089022800, 0.642 
13089022900, 0.621 
13089023000, 0.632 
13089023101, 0.611 
13089023102, 0.610 
13089023107, 0.552 
13089023108, 0.559 
13089023111, 0.578 
13089023112, 0.570 
13089023113, 0.663 
13089023114, 0.544 
13089023115, - 
13089023209, 0.556 
13089023211, 0.575 
13089023212, 0.582 
13089023213, 0.581 
13089023214, 0.567 
13089023215, 0.553 
13089023216, 0.573 
13089023217, 0.585 
13089023218, 0.631 
13089023219, 0.598 
13089023220, 0.563 
13089023221, 0.516 
13089023222, 0.614 
13089023311, 0.495 
13089023313, 0.507 
13089023315, 0.469 
13089023317, 0.554 
13089023318, 0.463 
13089023319, 0.596 
13089023320, 0.606 
13089023321, 0.573 
13089023322, 0.524 
13089023323, 0.490 
13089023324, 0.509 
13089023325, 0.482 
13089023326, 0.467 
13089023327, 0.497 
13089023328, 0.543 
13089023329, 0.407 
13089023330, 0.483 
13089023331, 0.496 
13089023332, 0.546 
13089023410, 0.595 
13089023411, 0.592 
13089023413, 0.545 
13089023422, 0.555 
13089023424, 0.517 
13089023425, 0.540 
13089023426, 0.522 
13089023427, 0.513 
13089023429, 0.576 
13089023430, 0.567 
13089023431, 0.593 
13089023432, 0.445 
13089023433, 0.473 
13089023434, 0.534 
13089023435, - 
13089023436, 0.561 
13089023437, 0.526 
13089023438, 0.559 
13089023439, 0.615 
13089023440, 0.566 
13089023441, 0.525 
13089023442, 0.568 
13089023443, 0.553 
13089023444, 0.516 
13089023445, 0.507 
13089023446, 0.619 
13089023447, 0.566 
13089023448, 0.559 
13089023501, 0.582 
13089023504, 0.533 
13089023505, 0.510 
13089023506, 0.608 
13089023507, 0.501 
13089023601, 0.627 
13089023602, 0.599 
13089023603, 0.585 
13089023701, 0.609 
13089023702, 0.666 
13089023801, 0.581 
13089023802, 0.649 
13089023803, 0.572 
13089980000, - 
13091960100, 0.447 
13091960200, 0.433 
13091960301, 0.538 
13091960302, 0.535 
13091960400, 0.498 
13091960500, 0.402 
13091960600, 0.473 
13093970100, 0.599 
13093970200, 0.538 
13093970300, 0.562 
13095000101, 0.621 
13095000102, 0.660 
13095000200, 0.650 
13095000400, 0.641 
13095000501, 0.638 
13095000502, 0.639 
13095000600, 0.665 
13095000700, 0.591 
13095000800, 0.674 
13095000900, 0.674 
13095001000, 0.683 
13095001100, 0.603 
13095001403, 0.680 
13095001500, 0.669 
13095010302, 0.647 
13095010401, 0.605 
13095010402, 0.598 
13095010403, 0.545 
13095010500, 0.622 
13095010601, 0.616 
13095010602, 0.576 
13095010701, 0.647 
13095010702, 0.697 
13095010900, 0.574 
13095011000, 0.529 
13095011200, 0.601 
13095011300, 0.606 
13095011400, 0.505 
13095011600, 0.503 
13097080104, 0.639 
13097080105, 0.488 
13097080106, 0.604 
13097080107, 0.653 
13097080201, 0.599 
13097080203, 0.548 
13097080204, 0.418 
13097080303, 0.631 
13097080304, 0.684 
13097080305, 0.565 
13097080306, 0.605 
13097080307, 0.604 
13097080403, 0.546 
13097080405, 0.538 
13097080406, 0.495 
13097080407, 0.566 
13097080408, 0.555 
13097080505, 0.554 
13097080506, 0.531 
13097080507, 0.528 
13097080508, 0.525 
13097080509, 0.522 
13097080512, 0.508 
13097080513, 0.490 
13097080514, 0.523 
13097080515, 0.475 
13097080602, 0.563 
13097080605, 0.551 
13097080606, 0.463 
13097080607, 0.514 
13097080608, 0.595 
13099090100, 0.459 
13099090200, 0.485 
13099090300, 0.518 
13099090400, 0.450 
13099090500, 0.452 
13101880100, 0.465 
13101880200, 0.547 
13103030100, 0.423 
13103030204, 0.576 
13103030205, 0.547 
13103030206, 0.514 
13103030207, 0.517 
13103030208, 0.501 
13103030209, 0.574 
13103030301, 0.519 
13103030303, 0.550 
13103030306, 0.559 
13103030307, 0.597 
13103030308, 0.535 
13103030309, 0.542 
13103030401, 0.548 
13103030403, 0.512 
13103030404, 0.533 
13105000100, 0.506 
13105000200, 0.471 
13105000300, 0.465 
13105000400, 0.569 
13105000501, 0.513 
13105000502, 0.547 
13107970101, 0.433 
13107970102, 0.490 
13107970200, 0.406 
13107970300, 0.521 
13107970401, 0.503 
13107970402, 0.418 
13107970500, 0.374 
13107970601, 0.548 
13107970602, 0.471 
13109970100, 0.509 
13109970200, 0.595 
13109970300, 0.539 
13111050100, 0.531 
13111050200, 0.533 
13111050300, 0.453 
13111050400, 0.598 
13111050500, 0.441 
13113140102, 0.537 
13113140103, 0.560 
13113140104, 0.569 
13113140203, 0.547 
13113140204, 0.515 
13113140206, 0.579 
13113140207, 0.622 
13113140209, 0.600 
13113140210, 0.570 
13113140303, 0.572 
13113140304, 0.586 
13113140305, 0.522 
13113140307, 0.536 
13113140308, 0.601 
13113140309, 0.677 
13113140403, 0.561 
13113140404, 0.575 
13113140405, 0.582 
13113140406, 0.571 
13113140408, 0.541 
13113140409, 0.574 
13113140410, 0.569 
13113140501, 0.534 
13113140502, 0.531 
13115000100, 0.556 
13115000202, 0.529 
13115000203, 0.625 
13115000204, 0.586 
13115000300, 0.691 
13115000401, 0.559 
13115000402, 0.487 
13115000403, 0.591 
13115000500, 0.662 
13115000600, 0.630 
13115000700, 0.563 
13115000800, 0.609 
13115000900, 0.665 
13115001100, 0.717 
13115001200, 0.604 
13115001301, 0.691 
13115001302, 0.610 
13115001400, 0.604 
13115001600, 0.628 
13115001703, 0.543 
13115001704, 0.508 
13115001705, 0.598 
13115001706, 0.534 
13115001800, 0.560 
13115002000, 0.530 
13115002100, 0.659 
13117130101, 0.512 
13117130102, 0.506 
13117130103, 0.505 
13117130104, 0.542 
13117130105, 0.566 
13117130201, 0.522 
13117130202, 0.549 
13117130203, 0.499 
13117130204, 0.549 
13117130205, 0.540 
13117130301, 0.515 
13117130302, 0.548 
13117130303, 0.540 
13117130304, 0.579 
13117130305, 0.524 
13117130306, 0.523 
13117130307, 0.513 
13117130406, 0.592 
13117130409, 0.596 
13117130410, 0.601 
13117130411, 0.560 
13117130412, 0.590 
13117130413, 0.619 
13117130414, 0.541 
13117130415, 0.560 
13117130503, 0.516 
13117130504, 0.566 
13117130505, 0.525 
13117130506, 0.568 
13117130507, 0.522 
13117130508, 0.597 
13117130509, 0.595 
13117130511, 0.592 
13117130512, 0.509 
13117130601, 0.559 
13117130602, 0.627 
13117130603, 0.592 
13117130604, 0.584 
13117130605, 0.554 
13117130606, 0.581 
13117130607, 0.510 
13117130608, 0.514 
13117130609, 0.531 
13117130610, 0.541 
13117130611, 0.536 
13117130613, 0.599 
13117130614, 0.581 
13117130615, 0.548 
13119890101, 0.586 
13119890103, 0.551 
13119890104, 0.583 
13119890201, 0.548 
13119890202, 0.536 
13119890300, 0.542 
13119890401, 0.509 
13119890402, 0.575 
13121000100, 0.687 
13121000201, 0.690 
13121000202, 0.682 
13121000400, 0.723 
13121000501, 0.721 
13121000502, 0.732 
13121000601, 0.738 
13121000602, 0.737 
13121000700, 0.655 
13121001001, 0.759 
13121001002, 0.792 
13121001101, 0.687 
13121001102, 0.767 
13121001203, 0.773 
13121001204, 0.739 
13121001205, 0.760 
13121001206, 0.726 
13121001301, 0.732 
13121001302, 0.729 
13121001400, 0.684 
13121001501, 0.689 
13121001502, 0.675 
13121001600, 0.720 
13121001701, 0.684 
13121001702, 0.731 
13121001801, 0.777 
13121001802, 0.745 
13121001901, 0.813 
13121001902, 0.737 
13121002100, 0.739 
13121002300, 0.712 
13121002400, 0.633 
13121002500, 0.628 
13121002600, 0.622 
13121002801, 0.769 
13121002802, 0.701 
13121002900, 0.728 
13121003000, 0.690 
13121003100, 0.599 
13121003200, 0.653 
13121003500, 0.750 
13121003600, 0.685 
13121003700, - 
13121003800, 0.765 
13121003900, 0.624 
13121004000, 0.639 
13121004100, 0.598 
13121004200, 0.679 
13121004300, 0.738 
13121004400, 0.746 
13121004800, 0.774 
13121004900, 0.662 
13121005000, 0.654 
13121005200, 0.593 
13121005300, 0.568 
13121005501, 0.700 
13121005503, - 
13121005504, 0.725 
13121005700, 0.612 
13121005800, 0.608 
13121006000, 0.600 
13121006100, 0.578 
13121006200, 0.657 
13121006300, 0.625 
13121006400, 0.418 
13121006500, 0.562 
13121006601, 0.563 
13121006602, 0.529 
13121006701, 0.670 
13121006702, 0.620 
13121006801, - 
13121006802, 0.689 
13121006900, 0.619 
13121007001, 0.627 
13121007002, 0.620 
13121007100, 0.602 
13121007200, 0.535 
13121007301, 0.640 
13121007302, 0.501 
13121007400, 0.573 
13121007500, 0.519 
13121007602, 0.586 
13121007603, 0.384 
13121007604, 0.639 
13121007703, 0.556 
13121007705, 0.678 
13121007707, 0.610 
13121007708, 0.554 
13121007709, 0.551 
13121007710, 0.641 
13121007711, 0.597 
13121007805, 0.624 
13121007806, 0.584 
13121007807, 0.333 
13121007808, 0.543 
13121007809, 0.530 
13121007810, 0.666 
13121007900, 0.554 
13121008000, 0.539 
13121008103, 0.606 
13121008104, 0.547 
13121008202, 0.521 
13121008203, 0.484 
13121008204, 0.633 
13121008301, 0.584 
13121008302, 0.611 
13121008400, 0.633 
13121008500, 0.607 
13121008601, 0.637 
13121008602, 0.609 
13121008701, 0.523 
13121008702, 0.601 
13121008801, 0.415 
13121008802, 0.639 
13121008903, 0.664 
13121008905, 0.686 
13121008906, 0.603 
13121008907, 0.673 
13121008908, 0.663 
13121008909, 0.682 
13121009001, 0.754 
13121009002, 0.663 
13121009103, 0.703 
13121009104, 0.723 
13121009105, 0.728 
13121009106, 0.749 
13121009201, 0.703 
13121009202, 0.737 
13121009203, 0.671 
13121009301, 0.697 
13121009302, 0.709 
13121009405, 0.743 
13121009406, 0.750 
13121009407, 0.707 
13121009408, 0.733 
13121009409, 0.712 
13121009410, 0.476 
13121009411, 0.687 
13121009501, 0.663 
13121009503, 0.640 
13121009504, 0.716 
13121009601, 0.710 
13121009604, 0.675 
13121009605, 0.767 
13121009606, 0.691 
13121009607, 0.701 
13121009700, 0.655 
13121009802, 0.670 
13121009803, 0.723 
13121009804, 0.674 
13121009900, 0.680 
13121010003, 0.714 
13121010004, 0.705 
13121010005, 0.622 
13121010006, 0.742 
13121010007, 0.696 
13121010106, 0.623 
13121010107, 0.545 
13121010108, 0.653 
13121010115, 0.692 
13121010117, 0.565 
13121010120, 0.651 
13121010121, 0.685 
13121010124, 0.703 
13121010125, 0.646 
13121010126, 0.694 
13121010127, 0.634 
13121010128, 0.696 
13121010129, 0.730 
13121010130, 0.657 
13121010131, 0.683 
13121010132, 0.722 
13121010133, 0.731 
13121010134, 0.695 
13121010135, 0.632 
13121010136, 0.730 
13121010137, 0.654 
13121010204, 0.629 
13121010211, 0.671 
13121010212, 0.676 
13121010213, 0.694 
13121010214, 0.647 
13121010215, 0.623 
13121010216, 0.629 
13121010217, 0.638 
13121010218, 0.614 
13121010219, 0.733 
13121010220, 0.682 
13121010221, 0.647 
13121010222, 0.673 
13121010223, 0.641 
13121010305, 0.413 
13121010306, 0.458 
13121010307, 0.539 
13121010308, 0.566 
13121010309, 0.589 
13121010310, 0.528 
13121010311, 0.391 
13121010312, 0.485 
13121010313, 0.598 
13121010314, 0.430 
13121010315, 0.574 
13121010401, 0.588 
13121010402, 0.526 
13121010508, 0.557 
13121010517, 0.583 
13121010518, 0.602 
13121010519, 0.622 
13121010520, 0.540 
13121010521, 0.538 
13121010522, 0.631 
13121010523, 0.678 
13121010524, 0.646 
13121010525, 0.661 
13121010526, 0.590 
13121010527, 0.624 
13121010528, 0.634 
13121010529, 0.591 
13121010530, 0.592 
13121010531, 0.532 
13121010532, 0.535 
13121010533, 0.665 
13121010534, 0.694 
13121010535, 0.536 
13121010536, 0.566 
13121010537, 0.463 
13121010538, 0.581 
13121010539, 0.565 
13121010540, 0.654 
13121010601, 0.663 
13121010603, 0.629 
13121010604, 0.686 
13121010801, 0.632 
13121010802, 0.659 
13121011000, 0.649 
13121011100, 0.602 
13121011202, 0.616 
13121011203, 0.541 
13121011204, 0.638 
13121011301, 0.593 
13121011306, 0.634 
13121011307, 0.509 
13121011308, 0.636 
13121011309, 0.642 
13121011310, 0.657 
13121011416, 0.541 
13121011417, 0.623 
13121011419, 0.596 
13121011421, 0.653 
13121011422, 0.614 
13121011423, 0.584 
13121011424, 0.610 
13121011426, 0.568 
13121011428, 0.574 
13121011429, 0.576 
13121011430, 0.662 
13121011431, 0.629 
13121011432, 0.651 
13121011433, 0.595 
13121011434, 0.583 
13121011435, 0.636 
13121011436, 0.551 
13121011437, 0.688 
13121011438, 0.662 
13121011439, 0.607 
13121011440, 0.573 
13121011441, 0.584 
13121011442, 0.605 
13121011443, 0.560 
13121011444, 0.582 
13121011445, 0.609 
13121011446, 0.540 
13121011505, 0.605 
13121011507, 0.517 
13121011508, 0.586 
13121011509, 0.404 
13121011510, 0.538 
13121011511, 0.558 
13121011512, 0.563 
13121011513, 0.575 
13121011514, 0.511 
13121011515, 0.487 
13121011612, 0.510 
13121011618, 0.610 
13121011624, 0.548 
13121011627, 0.628 
13121011628, 0.650 
13121011629, 0.572 
13121011630, 0.591 
13121011631, 0.606 
13121011632, 0.572 
13121011633, 0.550 
13121011634, 0.640 
13121011635, 0.555 
13121011636, 0.667 
13121011637, 0.577 
13121011638, 0.591 
13121011639, 0.671 
13121011640, 0.657 
13121011641, 0.592 
13121011642, 0.644 
13121011643, 0.662 
13121011644, 0.561 
13121011645, 0.654 
13121011646, 0.662 
13121011647, 0.648 
13121011648, 0.569 
13121011649, 0.582 
13121011650, 0.602 
13121011651, 0.672 
13121011652, 0.651 
13121011653, 0.558 
13121011654, 0.605 
13121011655, 0.600 
13121011656, 0.603 
13121011657, 0.546 
13121011658, 0.516 
13121011659, 0.482 
13121011660, 0.648 
13121011661, 0.576 
13121011801, 0.734 
13121011802, 0.672 
13121011901, 0.768 
13121011902, 0.718 
13121012000, 0.687 
13121012300, 0.669 
13121980000, - 
13123080100, 0.523 
13123080200, 0.547 
13123080301, 0.644 
13123080302, 0.659 
13123080401, 0.503 
13123080402, 0.546 
13123080403, 0.504 
13123080500, 0.563 
13125010100, 0.430 
13127000101, 0.635 
13127000103, 0.689 
13127000104, 0.556 
13127000201, 0.646 
13127000202, 0.645 
13127000301, 0.522 
13127000302, 0.650 
13127000303, 0.647 
13127000403, 0.595 
13127000405, 0.645 
13127000406, 0.608 
13127000407, 0.583 
13127000408, 0.627 
13127000409, 0.598 
13127000501, 0.667 
13127000503, 0.676 
13127000504, 0.660 
13127000601, 0.687 
13127000602, 0.646 
13127000701, 0.642 
13127000702, 0.714 
13127000800, 0.642 
13127000900, 0.636 
13127001001, 0.600 
13127001002, 0.557 
13127990000, - 
13129970101, 0.538 
13129970102, 0.444 
13129970201, 0.564 
13129970202, 0.469 
13129970301, 0.643 
13129970302, 0.585 
13129970400, 0.595 
13129970500, 0.648 
13129970601, 0.595 
13129970602, 0.654 
13129970700, 0.530 
13129970801, 0.524 
13129970802, 0.548 
13129970901, 0.463 
13129970902, 0.505 
13131950100, 0.527 
13131950200, 0.452 
13131950300, 0.569 
13131950401, 0.499 
13131950402, 0.568 
13131950501, 0.591 
13131950502, 0.567 
13131950600, 0.459 
13133950100, 0.543 
13133950200, 0.588 
13133950301, 0.613 
13133950302, 0.550 
13133950304, 0.614 
13133950305, 0.651 
13133950400, 0.593 
13133950500, 0.428 
13135050105, 0.634 
13135050110, 0.513 
13135050111, 0.557 
13135050112, 0.590 
13135050113, 0.590 
13135050114, 0.498 
13135050115, 0.592 
13135050116, 0.475 
13135050117, 0.524 
13135050118, 0.570 
13135050119, 0.588 
13135050120, 0.578 
13135050121, 0.542 
13135050205, 0.654 
13135050215, 0.633 
13135050218, 0.619 
13135050219, 0.579 
13135050221, 0.553 
13135050222, 0.590 
13135050223, 0.596 
13135050224, 0.617 
13135050225, 0.599 
13135050226, 0.559 
13135050227, 0.618 
13135050228, 0.676 
13135050229, 0.683 
13135050230, 0.659 
13135050231, 0.607 
13135050232, 0.434 
13135050233, 0.558 
13135050234, 0.566 
13135050235, 0.547 
13135050236, 0.624 
13135050237, 0.642 
13135050238, 0.601 
13135050239, 0.462 
13135050240, 0.550 
13135050241, 0.561 
13135050242, 0.460 
13135050243, 0.538 
13135050244, 0.501 
13135050306, 0.591 
13135050308, 0.586 
13135050311, 0.535 
13135050315, 0.669 
13135050317, 0.675 
13135050318, 0.630 
13135050321, 0.601 
13135050322, 0.609 
13135050323, 0.580 
13135050324, 0.619 
13135050325, 0.546 
13135050326, 0.598 
13135050327, 0.622 
13135050328, 0.606 
13135050329, 0.611 
13135050330, 0.582 
13135050331, 0.638 
13135050332, 0.657 
13135050333, 0.653 
13135050334, 0.602 
13135050335, 0.671 
13135050336, 0.672 
13135050415, 0.518 
13135050416, 0.528 
13135050425, 0.539 
13135050427, 0.544 
13135050430, 0.580 
13135050433, 0.635 
13135050435, 0.563 
13135050437, 0.615 
13135050438, 0.548 
13135050439, 0.629 
13135050440, 0.575 
13135050441, 0.580 
13135050442, 0.553 
13135050443, 0.488 
13135050444, 0.543 
13135050445, 0.608 
13135050446, 0.576 
13135050447, 0.618 
13135050448, 0.547 
13135050449, 0.609 
13135050450, 0.525 
13135050451, 0.654 
13135050452, 0.590 
13135050453, 0.457 
13135050454, 0.612 
13135050455, 0.578 
13135050456, 0.655 
13135050457, 0.569 
13135050458, 0.569 
13135050459, 0.569 
13135050460, 0.653 
13135050461, 0.541 
13135050462, 0.552 
13135050463, 0.676 
13135050464, 0.536 
13135050465, 0.540 
13135050466, 0.556 
13135050520, 0.613 
13135050521, 0.567 
13135050522, 0.613 
13135050526, 0.660 
13135050528, 0.516 
13135050529, 0.569 
13135050530, 0.567 
13135050536, 0.555 
13135050537, 0.663 
13135050539, 0.598 
13135050541, 0.673 
13135050542, 0.626 
13135050549, 0.581 
13135050550, 0.445 
13135050551, 0.540 
13135050552, 0.580 
13135050553, 0.586 
13135050554, 0.570 
13135050555, 0.471 
13135050556, 0.621 
13135050557, 0.514 
13135050558, 0.531 
13135050559, 0.588 
13135050560, 0.513 
13135050561, 0.621 
13135050562, 0.615 
13135050563, 0.575 
13135050564, 0.636 
13135050565, 0.540 
13135050566, 0.533 
13135050567, 0.560 
13135050568, 0.575 
13135050569, 0.540 
13135050570, 0.552 
13135050571, 0.493 
13135050572, 0.564 
13135050573, 0.491 
13135050574, 0.609 
13135050575, 0.573 
13135050576, 0.616 
13135050577, 0.605 
13135050578, 0.509 
13135050579, 0.511 
13135050580, 0.591 
13135050581, 0.549 
13135050582, 0.543 
13135050583, 0.579 
13135050584, 0.513 
13135050585, 0.554 
13135050586, 0.463 
13135050587, 0.489 
13135050588, 0.424 
13135050589, 0.533 
13135050590, 0.505 
13135050591, 0.528 
13135050611, 0.528 
13135050612, 0.468 
13135050613, 0.548 
13135050614, 0.607 
13135050615, 0.631 
13135050616, 0.630 
13135050617, 0.512 
13135050618, 0.436 
13135050619, 0.510 
13135050620, 0.559 
13135050621, 0.532 
13135050622, 0.424 
13135050623, 0.513 
13135050624, 0.393 
13135050625, 0.428 
13135050626, 0.518 
13135050627, 0.541 
13135050628, 0.567 
13135050629, 0.525 
13135050630, 0.502 
13135050631, 0.535 
13135050632, 0.593 
13135050633, 0.615 
13135050634, 0.574 
13135050635, 0.458 
13135050636, 0.557 
13135050715, 0.531 
13135050719, 0.508 
13135050722, 0.487 
13135050725, 0.526 
13135050729, 0.563 
13135050732, 0.438 
13135050733, 0.536 
13135050734, 0.456 
13135050735, 0.543 
13135050736, 0.447 
13135050737, 0.441 
13135050738, 0.491 
13135050739, 0.426 
13135050740, 0.375 
13135050741, 0.412 
13135050742, 0.483 
13135050743, 0.515 
13135050744, 0.443 
13135050745, 0.533 
13135050746, 0.525 
13135050747, 0.591 
13135050748, 0.470 
13135050749, 0.535 
13135050750, 0.499 
13135050751, 0.511 
13135050752, 0.526 
13135050753, 0.551 
13135050754, 0.427 
13135050755, 0.527 
13135050756, 0.545 
13135050757, 0.599 
13135050758, 0.497 
13135050759, 0.511 
13135050760, 0.508 
13135050761, 0.575 
13135050762, 0.475 
13135050763, 0.491 
13135050764, 0.532 
13135050765, 0.453 
13137000100, 0.505 
13137000201, 0.546 
13137000203, 0.477 
13137000204, 0.291 
13137000300, 0.511 
13137000400, 0.484 
13137000501, 0.599 
13137000502, 0.593 
13137000601, 0.527 
13137000603, 0.530 
13137000604, 0.610 
13139000101, 0.555 
13139000102, 0.547 
13139000203, 0.476 
13139000204, 0.561 
13139000205, 0.493 
13139000206, 0.454 
13139000303, 0.555 
13139000304, 0.504 
13139000305, 0.470 
13139000306, 0.506 
13139000307, 0.574 
13139000401, 0.525 
13139000402, 0.467 
13139000501, 0.583 
13139000502, 0.658 
13139000601, 0.647 
13139000602, 0.601 
13139000702, 0.486 
13139000703, 0.643 
13139000704, 0.498 
13139000800, 0.678 
13139000901, 0.703 
13139000902, 0.705 
13139001004, 0.598 
13139001005, 0.644 
13139001006, 0.525 
13139001007, 0.705 
13139001008, 0.662 
13139001101, 0.610 
13139001102, 0.567 
13139001202, 0.582 
13139001203, 0.613 
13139001204, 0.526 
13139001302, 0.557 
13139001303, 0.570 
13139001304, 0.521 
13139001402, 0.544 
13139001404, 0.593 
13139001405, 0.630 
13139001406, 0.622 
13139001501, 0.560 
13139001502, 0.549 
13139001603, 0.537 
13139001605, 0.518 
13139001606, 0.559 
13139001607, 0.584 
13139001609, 0.538 
13139001610, 0.571 
13139001611, 0.496 
13139001612, 0.585 
13141480300, 0.298 
13141480400, 0.532 
13143010100, 0.551 
13143010201, 0.604 
13143010202, 0.583 
13143010301, 0.552 
13143010303, 0.642 
13143010304, 0.579 
13143010401, 0.585 
13143010402, 0.627 
13145120198, 0.535 
13145120200, 0.476 
13145120301, 0.519 
13145120302, 0.509 
13145120401, 0.514 
13145120403, 0.496 
13145120404, 0.498 
13147960101, 0.556 
13147960102, 0.409 
13147960103, 0.557 
13147960200, 0.551 
13147960300, 0.561 
13147960401, 0.620 
13147960402, 0.586 
13147960501, 0.528 
13147960502, 0.623 
13147960503, 0.600 
13149970100, 0.598 
13149970200, 0.505 
13149970300, 0.480 
13151070109, 0.567 
13151070113, 0.600 
13151070114, 0.644 
13151070115, 0.581 
13151070116, 0.560 
13151070117, 0.566 
13151070118, 0.539 
13151070119, 0.622 
13151070120, 0.590 
13151070121, 0.521 
13151070122, 0.537 
13151070123, 0.643 
13151070124, 0.524 
13151070125, 0.564 
13151070126, 0.608 
13151070127, 0.556 
13151070128, 0.579 
13151070204, 0.572 
13151070206, 0.529 
13151070207, 0.439 
13151070208, 0.508 
13151070209, 0.527 
13151070210, 0.506 
13151070211, 0.545 
13151070212, 0.604 
13151070213, 0.394 
13151070214, 0.426 
13151070215, 0.495 
13151070216, 0.516 
13151070307, 0.531 
13151070310, 0.522 
13151070312, 0.594 
13151070313, 0.541 
13151070314, 0.542 
13151070315, 0.576 
13151070316, 0.514 
13151070317, 0.584 
13151070318, 0.430 
13151070319, 0.610 
13151070320, 0.655 
13151070321, 0.601 
13151070322, 0.630 
13151070323, 0.609 
13151070324, 0.721 
13151070325, 0.576 
13151070405, 0.589 
13151070406, 0.552 
13151070407, 0.554 
13151070408, 0.471 
13151070409, 0.384 
13151070410, 0.506 
13151070411, 0.500 
13151070412, 0.497 
13151070503, 0.515 
13151070504, 0.545 
13151070505, 0.485 
13151070506, 0.611 
13151070507, 0.529 
13151070508, 0.451 
13153020106, 0.501 
13153020108, 0.614 
13153020110, 0.674 
13153020111, 0.611 
13153020112, 0.637 
13153020113, 0.652 
13153020200, 0.654 
13153020301, 0.697 
13153020302, 0.663 
13153020400, 0.649 
13153020600, 0.738 
13153020700, 0.674 
13153020800, 0.639 
13153020900, 0.671 
13153021001, 0.726 
13153021002, 0.685 
13153021108, 0.629 
13153021114, 0.602 
13153021115, 0.629 
13153021116, 0.636 
13153021117, 0.683 
13153021118, 0.678 
13153021119, 0.670 
13153021120, 0.643 
13153021121, 0.651 
13153021122, 0.534 
13153021123, 0.606 
13153021124, 0.633 
13153021125, 0.577 
13153021203, 0.609 
13153021204, 0.581 
13153021205, 0.622 
13153021206, 0.710 
13153021300, 0.668 
13153021401, 0.616 
13153021402, 0.532 
13153021501, 0.537 
13153021502, 0.523 
13155950100, 0.437 
13155950201, 0.517 
13155950202, 0.556 
13157010104, 0.534 
13157010105, 0.469 
13157010106, 0.514 
13157010107, 0.507 
13157010108, 0.548 
13157010109, 0.496 
13157010200, 0.566 
13157010300, 0.637 
13157010400, 0.628 
13157010500, 0.602 
13157010601, 0.521 
13157010602, 0.545 
13157010701, 0.585 
13157010703, 0.526 
13157010704, 0.551 
13157010705, 0.547 
13157010706, 0.615 
13159010100, 0.528 
13159010200, 0.463 
13159010501, 0.489 
13159010502, 0.636 
13159010503, 0.496 
13161960101, 0.518 
13161960102, 0.475 
13161960201, 0.555 
13161960202, 0.423 
13161960300, 0.410 
13163960100, 0.441 
13163960200, 0.390 
13163960300, 0.413 
13163960400, 0.438 
13165960100, 0.387 
13165960200, 0.350 
13167960100, 0.430 
13167960201, 0.407 
13167960202, 0.479 
13167960300, 0.486 
13169030101, 0.476 
13169030103, 0.554 
13169030105, 0.524 
13169030106, 0.587 
13169030200, 0.409 
13169030303, 0.471 
13169030304, 0.478 
13169030305, 0.531 
13169030306, 0.467 
13171970100, 0.542 
13171970201, 0.513 
13171970202, 0.657 
13171970300, 0.655 
13173950100, 0.471 
13173950201, 0.606 
13173950202, 0.538 
13175950100, 0.486 
13175950201, 0.566 
13175950202, 0.487 
13175950300, 0.425 
13175950400, 0.645 
13175950500, 0.567 
13175950600, 0.460 
13175950700, 0.442 
13175950800, 0.575 
13175950900, 0.673 
13175951001, 0.436 
13175951002, 0.527 
13175951100, 0.356 
13175951400, 0.388 
13177020101, 0.464 
13177020102, 0.549 
13177020200, 0.431 
13177020301, 0.500 
13177020302, 0.558 
13177020403, 0.559 
13177020404, 0.611 
13177020405, 0.578 
13179010101, 0.691 
13179010102, 0.657 
13179010103, 0.721 
13179010202, 0.616 
13179010204, 0.592 
13179010205, 0.585 
13179010206, 0.571 
13179010207, 0.578 
13179010208, 0.591 
13179010301, 0.670 
13179010302, 0.649 
13179010401, 0.563 
13179010402, 0.586 
13179010501, 0.454 
13179010503, 0.545 
13179010504, 0.501 
13179010600, 0.586 
13179990000, - 
13181970100, 0.542 
13181970200, 0.498 
13183970101, 0.514 
13183970102, 0.483 
13183970201, 0.541 
13183970202, 0.542 
13183980000, - 
13185010101, 0.577 
13185010102, 0.588 
13185010103, 0.556 
13185010201, 0.486 
13185010203, 0.522 
13185010204, 0.522 
13185010301, 0.626 
13185010302, 0.685 
13185010401, 0.637 
13185010403, 0.644 
13185010404, 0.643 
13185010500, 0.695 
13185010601, 0.668 
13185010604, 0.579 
13185010700, 0.459 
13185010801, 0.654 
13185010802, 0.693 
13185010900, 0.652 
13185011000, 0.600 
13185011100, 0.690 
13185011200, 0.600 
13185011301, 0.682 
13185011302, 0.697 
13185011401, 0.537 
13185011402, 0.578 
13185011404, 0.545 
13185011405, 0.588 
13185011500, 0.534 
13185011600, 0.585 
13187960103, 0.515 
13187960104, 0.524 
13187960105, 0.596 
13187960106, 0.501 
13187960203, 0.591 
13187960204, 0.578 
13187960205, 0.493 
13187960206, 0.557 
13189950100, 0.551 
13189950200, 0.627 
13189950300, 0.628 
13189950401, 0.533 
13189950402, 0.616 
13189950500, 0.558 
13191110101, 0.359 
13191110102, 0.521 
13191110103, 0.507 
13191110201, 0.539 
13191110202, 0.473 
13191110300, 0.569 
13191980000, - 
13191990000, - 
13193000100, 0.468 
13193000200, 0.458 
13193000300, 0.499 
13193000400, 0.464 
13195020100, 0.489 
13195020200, 0.536 
13195020300, 0.515 
13195020400, 0.518 
13195020501, 0.526 
13195020502, 0.598 
13195020600, 0.476 
13197920100, 0.419 
13197920200, 0.529 
13199970501, 0.522 
13199970502, 0.645 
13199970600, 0.589 
13199970701, 0.537 
13199970702, 0.456 
13199970801, 0.502 
13199970802, 0.565 
13201950100, 0.564 
13201950200, 0.615 
13201950300, 0.542 
13205090100, 0.487 
13205090200, 0.479 
13205090300, 0.579 
13205090401, 0.571 
13205090402, 0.527 
13205090501, 0.517 
13205090502, 0.473 
13207050101, 0.493 
13207050102, 0.531 
13207050200, 0.531 
13207050301, 0.467 
13207050302, 0.495 
13209950100, 0.450 
13209950200, 0.512 
13209950300, 0.434 
13211010100, 0.594 
13211010200, 0.564 
13211010301, 0.662 
13211010302, 0.659 
13211010400, 0.565 
13211010500, 0.575 
13213010100, 0.473 
13213010201, 0.541 
13213010203, 0.480 
13213010204, 0.547 
13213010300, 0.513 
13213010401, 0.594 
13213010402, 0.565 
13213010500, 0.558 
13213010600, 0.576 
13213010700, 0.553 
13215000200, 0.674 
13215000300, 0.674 
13215000400, 0.670 
13215000800, 0.708 
13215000900, 0.676 
13215001000, 0.657 
13215001100, 0.636 
13215001200, 0.612 
13215001400, 0.666 
13215001600, 0.698 
13215001800, 0.681 
13215002000, 0.636 
13215002100, 0.663 
13215002200, 0.624 
13215002300, 0.661 
13215002400, 0.685 
13215002500, 0.714 
13215002700, 0.671 
13215002800, 0.676 
13215002901, 0.636 
13215002902, 0.671 
13215003000, 0.690 
13215003200, 0.708 
13215003301, 0.655 
13215003302, 0.700 
13215003400, 0.639 
13215010106, 0.578 
13215010108, 0.631 
13215010109, 0.506 
13215010110, 0.553 
13215010111, 0.541 
13215010204, 0.640 
13215010205, 0.628 
13215010206, 0.630 
13215010207, 0.559 
13215010208, 0.625 
13215010209, 0.568 
13215010301, 0.638 
13215010303, 0.628 
13215010304, 0.645 
13215010401, 0.651 
13215010402, 0.659 
13215010501, 0.644 
13215010502, 0.751 
13215010602, 0.590 
13215010605, 0.625 
13215010606, - 
13215010607, 0.631 
13215010608, 0.629 
13215010701, 0.589 
13215010702, 0.614 
13215010704, 0.610 
13215010705, 0.568 
13215010801, 0.666 
13215010802, 0.723 
13215011100, 0.685 
13215011200, 0.657 
13215011400, 0.684 
13215011500, 0.647 
13217100101, 0.573 
13217100102, 0.603 
13217100202, 0.481 
13217100203, 0.524 
13217100204, 0.528 
13217100301, 0.639 
13217100302, 0.484 
13217100400, 0.677 
13217100503, 0.447 
13217100504, 0.568 
13217100505, 0.546 
13217100506, 0.560 
13217100507, 0.526 
13217100600, 0.534 
13217100701, 0.571 
13217100702, 0.474 
13217100801, 0.464 
13217100802, 0.531 
13217100902, 0.531 
13217100903, 0.561 
13217100904, 0.432 
13217100905, 0.485 
13219030101, 0.551 
13219030102, 0.569 
13219030103, 0.538 
13219030104, 0.523 
13219030201, 0.623 
13219030202, 0.534 
13219030300, 0.548 
13219030401, 0.607 
13219030402, 0.549 
13219030500, 0.524 
13219030600, 0.439 
13221960100, 0.419 
13221960203, 0.507 
13221960204, 0.527 
13221960205, 0.485 
13221960206, 0.510 
13221960300, 0.516 
13223120104, 0.464 
13223120105, 0.449 
13223120106, 0.441 
13223120107, 0.536 
13223120108, 0.456 
13223120109, 0.477 
13223120110, 0.507 
13223120111, 0.521 
13223120203, 0.541 
13223120205, 0.568 
13223120206, 0.524 
13223120207, 0.545 
13223120208, 0.518 
13223120301, 0.455 
13223120303, 0.501 
13223120304, 0.457 
13223120305, 0.658 
13223120306, 0.505 
13223120307, 0.508 
13223120401, 0.489 
13223120402, 0.513 
13223120403, 0.462 
13223120503, 0.489 
13223120504, 0.432 
13223120505, 0.449 
13223120506, 0.510 
13223120507, 0.516 
13223120601, 0.534 
13223120603, 0.566 
13223120604, 0.490 
13223120605, 0.493 
13223120606, 0.463 
13223120607, 0.502 
13225040101, 0.549 
13225040103, 0.626 
13225040104, 0.656 
13225040105, 0.526 
13225040200, 0.588 
13225040301, 0.575 
13225040302, 0.644 
13225040400, 0.685 
13227050101, 0.498 
13227050102, 0.475 
13227050201, 0.662 
13227050202, 0.622 
13227050300, 0.564 
13227050400, 0.538 
13227050500, 0.555 
13227050601, 0.569 
13227050602, 0.542 
13229960100, 0.506 
13229960200, 0.453 
13229960301, 0.539 
13229960302, 0.438 
13229960401, 0.547 
13229960402, 0.501 
13231010101, 0.551 
13231010102, 0.554 
13231010200, 0.479 
13231010300, 0.500 
13231010400, 0.556 
13233010100, 0.465 
13233010201, 0.552 
13233010202, 0.464 
13233010300, 0.495 
13233010400, 0.445 
13233010500, 0.566 
13233010600, 0.447 
13233010700, 0.523 
13235950100, 0.431 
13235950201, 0.614 
13235950202, 0.524 
13235950300, 0.536 
13237960101, 0.445 
13237960103, 0.591 
13237960104, 0.513 
13237960201, 0.579 
13237960203, 0.603 
13237960204, 0.651 
13237960301, 0.519 
13237960302, 0.587 
13239960300, 0.406 
13241970101, 0.568 
13241970102, 0.588 
13241970103, 0.539 
13241970201, 0.555 
13241970202, 0.520 
13241970302, 0.363 
13241970303, 0.581 
13241970304, 0.519 
13243790100, 0.413 
13243790200, 0.427 
13245000100, 0.672 
13245000200, 0.681 
13245000300, 0.657 
13245000600, 0.722 
13245000700, 0.677 
13245001000, 0.672 
13245001100, 0.678 
13245001200, 0.675 
13245001300, 0.648 
13245001400, 0.703 
13245001602, 0.680 
13245001603, 0.605 
13245001604, 0.730 
13245010101, 0.638 
13245010104, 0.626 
13245010105, 0.683 
13245010107, 0.648 
13245010108, 0.688 
13245010109, 0.607 
13245010201, 0.656 
13245010203, 0.677 
13245010205, 0.710 
13245010206, 0.718 
13245010207, 0.633 
13245010208, 0.531 
13245010300, 0.684 
13245010400, 0.702 
13245010506, 0.712 
13245010507, 0.633 
13245010508, 0.696 
13245010509, 0.643 
13245010510, 0.671 
13245010511, 0.676 
13245010512, 0.633 
13245010513, 0.598 
13245010514, 0.659 
13245010515, 0.665 
13245010601, 0.637 
13245010602, 0.627 
13245010706, 0.617 
13245010707, 0.609 
13245010708, 0.589 
13245010709, 0.586 
13245010710, 0.602 
13245010711, 0.603 
13245010713, 0.591 
13245010714, 0.582 
13245010801, 0.733 
13245010802, 0.649 
13245010903, 0.508 
13245010904, 0.540 
13245010905, 0.513 
13245010907, 0.534 
13245010908, 0.466 
13245011000, 0.755 
13245011100, 0.641 
13247060101, 0.558 
13247060103, 0.474 
13247060104, 0.503 
13247060201, 0.594 
13247060203, 0.575 
13247060204, 0.490 
13247060305, 0.630 
13247060306, 0.462 
13247060310, 0.630 
13247060311, 0.599 
13247060312, 0.457 
13247060313, 0.508 
13247060314, 0.556 
13247060315, 0.694 
13247060316, 0.553 
13247060317, 0.646 
13247060318, 0.631 
13247060403, 0.513 
13247060406, 0.496 
13247060407, 0.522 
13247060408, 0.478 
13247060409, 0.518 
13247060410, 0.564 
13247060411, 0.540 
13249960100, 0.481 
13249960200, 0.473 
13251970200, 0.416 
13251970300, 0.420 
13251970401, 0.539 
13251970402, 0.439 
13251970500, 0.305 
13251970600, 0.441 
13253200100, 0.446 
13253200200, 0.522 
13253200300, 0.385 
13255160101, 0.582 
13255160102, 0.591 
13255160201, 0.544 
13255160202, 0.519 
13255160300, 0.612 
13255160401, 0.657 
13255160402, 0.662 
13255160500, 0.615 
13255160600, 0.547 
13255160701, 0.689 
13255160702, 0.543 
13255160800, 0.682 
13255160900, 0.660 
13255161000, 0.595 
13255161100, 0.585 
13255161201, 0.610 
13255161202, 0.660 
13257970101, 0.534 
13257970102, 0.608 
13257970201, 0.538 
13257970202, 0.546 
13257970301, 0.622 
13257970302, 0.570 
13257970401, 0.511 
13257970402, 0.568 
13259950100, 0.428 
13259950400, 0.524 
13261950100, 0.493 
13261950200, 0.580 
13261950300, 0.590 
13261950400, 0.449 
13261950500, 0.541 
13261950600, 0.632 
13261950700, 0.653 
13261950800, 0.466 
13263960100, 0.426 
13263960200, 0.429 
13263960300, 0.486 
13265010200, 0.428 
13267950100, 0.510 
13267950202, 0.523 
13267950203, 0.614 
13267950204, 0.497 
13267950300, 0.562 
13267950401, 0.495 
13267950402, 0.555 
13269950100, 0.369 
13269950200, 0.353 
13269950301, 0.432 
13269950302, 0.490 
13271950101, 0.453 
13271950102, 0.531 
13271950103, 0.525 
13271950200, 0.371 
13271950500, 0.421 
13273120200, 0.520 
13273120300, 0.604 
13273120400, 0.482 
13273120500, 0.593 
13275960100, 0.560 
13275960200, 0.562 
13275960300, 0.530 
13275960400, 0.488 
13275960501, 0.647 
13275960502, 0.574 
13275960601, 0.676 
13275960602, 0.690 
13275960701, 0.620 
13275960702, 0.618 
13275960800, 0.610 
13275960900, 0.679 
13275961000, 0.584 
13275961100, 0.543 
13277960100, 0.583 
13277960200, 0.502 
13277960301, 0.651 
13277960302, 0.647 
13277960401, 0.585 
13277960402, 0.575 
13277960500, 0.544 
13277960601, 0.626 
13277960602, 0.666 
13277960700, 0.624 
13277960800, 0.488 
13277960900, 0.575 
13279970101, 0.551 
13279970102, 0.566 
13279970201, 0.548 
13279970202, 0.554 
13279970301, 0.458 
13279970302, 0.424 
13279970400, 0.605 
13279970500, 0.511 
13279970600, 0.457 
13281960100, 0.626 
13281960200, 0.580 
13281960301, 0.680 
13281960302, 0.534 
13283960100, 0.491 
13283960200, 0.435 
13285960101, 0.427 
13285960102, 0.479 
13285960201, 0.526 
13285960202, 0.432 
13285960300, 0.584 
13285960401, 0.614 
13285960402, 0.605 
13285960501, 0.595 
13285960503, 0.543 
13285960504, 0.482 
13285960600, 0.567 
13285960700, 0.571 
13285960800, 0.611 
13285960901, 0.630 
13285960903, 0.458 
13285960904, 0.530 
13285961000, 0.596 
13285961100, 0.474 
13287970201, 0.544 
13287970202, 0.388 
13287970300, 0.494 
13289060101, 0.533 
13289060102, 0.460 
13289060200, 0.504 
13291000101, 0.568 
13291000103, 0.551 
13291000104, 0.607 
13291000201, 0.480 
13291000203, 0.495 
13291000204, 0.585 
13291000206, 0.609 
13291000207, 0.712 
13293010100, 0.494 
13293010201, 0.526 
13293010202, 0.466 
13293010300, 0.486 
13293010401, 0.492 
13293010402, 0.575 
13293010500, 0.592 
13293010600, 0.465 
13295020101, 0.568 
13295020102, 0.581 
13295020200, 0.396 
13295020301, 0.593 
13295020302, 0.617 
13295020400, 0.587 
13295020503, 0.574 
13295020504, 0.468 
13295020505, 0.561 
13295020506, 0.520 
13295020601, 0.530 
13295020602, 0.544 
13295020701, 0.601 
13295020702, 0.620 
13295020800, 0.469 
13295020902, 0.468 
13295020903, 0.513 
13295020904, 0.526 
13297110101, 0.495 
13297110102, 0.500 
13297110200, 0.547 
13297110301, 0.623 
13297110302, 0.635 
13297110400, 0.619 
13297110503, 0.542 
13297110504, 0.504 
13297110505, 0.484 
13297110506, 0.519 
13297110508, 0.518 
13297110509, 0.396 
13297110510, 0.552 
13297110601, 0.508 
13297110602, 0.556 
13297110603, 0.520 
13297110701, 0.535 
13297110702, 0.631 
13297110801, 0.598 
13297110802, 0.554 
13299950100, 0.482 
13299950200, 0.528 
13299950300, 0.538 
13299950400, 0.686 
13299950500, 0.611 
13299950600, 0.614 
13299950700, 0.654 
13299950801, 0.488 
13299950802, 0.678 
13299950900, 0.531 
13301970400, 0.538 
13301970500, 0.415 
13303950100, 0.438 
13303950300, 0.550 
13303950400, 0.523 
13303950500, 0.491 
13303950700, 0.476 
13305970100, 0.473 
13305970201, 0.491 
13305970202, 0.569 
13305970300, 0.600 
13305970400, 0.477 
13305970500, 0.586 
13305970600, 0.529 
13307960100, 0.416 
13307960200, 0.318 
13309780100, 0.182 
13309780200, 0.363 
13311950101, 0.548 
13311950102, 0.478 
13311950202, 0.442 
13311950204, 0.525 
13311950205, 0.518 
13311950206, 0.656 
13311950207, 0.553 
13311950301, 0.551 
13311950302, 0.542 
13313000101, 0.552 
13313000103, 0.567 
13313000104, 0.554 
13313000200, 0.516 
13313000301, 0.614 
13313000303, 0.572 
13313000304, 0.561 
13313000401, 0.629 
13313000402, 0.646 
13313000501, 0.596 
13313000502, 0.670 
13313000600, 0.532 
13313000700, 0.530 
13313000801, 0.567 
13313000802, 0.585 
13313000900, 0.665 
13313001000, 0.644 
13313001100, 0.633 
13313001200, 0.620 
13313001300, 0.646 
13313001400, 0.623 
13313001500, 0.587 
13315960100, 0.431 
13315960200, 0.404 
13315960300, 0.449 
13315960400, 0.479 
13317010101, 0.397 
13317010102, 0.398 
13317010301, 0.491 
13317010302, 0.513 
13319960200, 0.455 
13319960300, 0.470 
13319960400, 0.431 
13321950100, 0.388 
13321950201, 0.515 
13321950202, 0.606 
13321950400, 0.479 
13321950500, 0.568 
13321950600, 0.483 